model,trace_id,pre_rate,post_rate,n_pre,n_post
deepseek-r1-distill-llama-8b,03b5bb439d6ce305b48d8c783856f6f45fdff8992666c8569152010c6436595f,0.5333333333333333,0.5,15,8
deepseek-r1-distill-llama-8b,115fff0b0658196744757057d99dde5e995d42f1ae5a0ac2a72e0fe9472ef6b8,0.5882352941176471,0.6923076923076923,17,13
deepseek-r1-distill-llama-8b,1292880a10b64a4ea7a1d9b9176020b4100b9e201279ad50b0eb07989771de39,0.45,0.5833333333333334,20,12
deepseek-r1-distill-llama-8b,15e22e7dc0215ed22d7baa06b06c9931916b319c90a2012acf76c2d73968460d,0.4,0.0,25,6
deepseek-r1-distill-llama-8b,1608e68f5b14728d95efd22f5897afd6d6d3dea639662325514b274386a0325f,0.6,0.6,15,5
deepseek-r1-distill-llama-8b,163a48698ba14162461022c9ebe15f0729398c5a078a2fa6d6f5d3d5c6a0fbf4,0.21875,0.16666666666666666,32,6
deepseek-r1-distill-llama-8b,1ff8fe30d7fd176fcf7612f8fb999c2a1da6f1df8aea704426d15e1e86463004,0.625,0.8,24,5
deepseek-r1-distill-llama-8b,27dbb45201348d70823adfdca95200f5c8c2ee3b24a64dc84de965840815880f,0.0,0.14285714285714285,10,14
deepseek-r1-distill-llama-8b,2b2c009a026c01b4ce7c51edd13d23b52731612175d5d8d2776e5312c783912b,0.45454545454545453,0.18181818181818182,77,11
deepseek-r1-distill-llama-8b,2c47cbc9217310e0aa094326793a70bfdb9423f8df02349893c974546d3b51e0,1.0,0.42857142857142855,9,14
deepseek-r1-distill-llama-8b,2de9a972b231dde0bb27a3871ccbd3dcca47002ff66dd8c458955c4c89d7b5b4,0.18181818181818182,0.5,22,12
deepseek-r1-distill-llama-8b,2fdeb58b9e545dea7d2d6a55b01e448fdca6d3bfffa35ccef37ee40325b44ad0,0.4864864864864865,0.5,37,8
deepseek-r1-distill-llama-8b,3203aa91976718e7e0789efade45b071e8bbd5084f4dcb15f5cb70f5ccdb1cf4,0.08333333333333333,0.15384615384615385,12,13
deepseek-r1-distill-llama-8b,3295ffa7200be5b8316b813b180dcc5529c79e24b62d3f814be667b3a01f6d60,0.09523809523809523,0.36363636363636365,21,11
deepseek-r1-distill-llama-8b,32e181cf35f8e99af5545e4aa761c8be3d052ec6054ecda3da417320f886853e,0.3333333333333333,0.3333333333333333,12,12
deepseek-r1-distill-llama-8b,33d67a62d3832ccebaa4914112faddfd1b76e9699262d2e614d5aa95dfc0fdb8,0.4,0.36363636363636365,10,11
deepseek-r1-distill-llama-8b,37d331a23312e9d06e5e172773eb14845c9ea4772e77eb761d6db33d61926c31,0.21052631578947367,0.16666666666666666,19,6
deepseek-r1-distill-llama-8b,37eedf564591546dda6c5949937798c6dfe1785b7d067ac2b39d1ef21b9b62e2,0.4666666666666667,0.8571428571428571,15,7
deepseek-r1-distill-llama-8b,39bca8797edb3b9dd0934b27b9f1efe5e2baf0952588f6018cc1b1ba030950c2,0.3888888888888889,0.3333333333333333,18,6
deepseek-r1-distill-llama-8b,3e3e3566a388a5fa4fc69b499d0a5f01859916169650dcb579772e918e53d239,0.1,0.5,20,6
deepseek-r1-distill-llama-8b,46c1e2001f439e3cfe0152d7027b140cf534a328d4c9af46fcdcc463ececa683,0.125,0.1,16,10
deepseek-r1-distill-llama-8b,46d9c42398ed08addd39cedc389d8aff888de1320efc10e06fa291bcc4c08dd3,0.7,0.15384615384615385,10,13
deepseek-r1-distill-llama-8b,4a15e830255f4d54bd75252426a10c92d23029fbf33a3c61c6800580a289894d,1.0,0.8,6,10
deepseek-r1-distill-llama-8b,4a1e974107217853953fc9e32f2588a9ca3df963df6659ecae531fd194848dec,0.8888888888888888,0.9,9,10
deepseek-r1-distill-llama-8b,4c000bcdba2eee8d38d245322c9c5c298a30c404c17bd3d8e1c439c73460a9c7,0.23076923076923078,0.3333333333333333,26,6
deepseek-r1-distill-llama-8b,4ce76ccb7525163b14d4d058bcc02fd6bcfc69984cdda0d0921a13a89817a3f2,0.21428571428571427,0.5,14,6
deepseek-r1-distill-llama-8b,4e28e65dc3e5a3d2fe5c67886131d2692b734090f4ed7cdf3dc694b138bbb05e,0.6842105263157895,1.0,19,5
deepseek-r1-distill-llama-8b,4ef14ff668b442aa321052041a7f5eab453d7e9421b7503b48306eeb58e3adfc,1.0,0.875,7,32
deepseek-r1-distill-llama-8b,50649c6142c8fa814bae1eeb384a22d1956ec62fef763a62b5dddf28684cebe2,0.13793103448275862,0.1111111111111111,29,9
deepseek-r1-distill-llama-8b,512f09a385448cfa94adc6ed70eb8d17818cbb5eba0e5e4fb675207b28d618f9,0.45454545454545453,0.48,22,25
deepseek-r1-distill-llama-8b,52e3dcb7b727a7628ecb4168ea11eb2fea09998f44af586346ef41a2b11d8711,0.38461538461538464,0.6,26,5
deepseek-r1-distill-llama-8b,58c47f52652bda9de4ab99d5dc0068855c7833a201150129d768903ebe5112c3,0.0,0.0,15,10
deepseek-r1-distill-llama-8b,5a98da09422dbcf15a94aaa04d4ca8f8c40511a69b8cd44fca9bb0dcc07590ef,0.4090909090909091,0.4,22,10
deepseek-r1-distill-llama-8b,5ccaa8bafec6eef36fca4ab53a64170003b7499305a505bce4f95342bf77ac0b,0.55,0.625,20,8
deepseek-r1-distill-llama-8b,610180b4f3bf8a80655f8b1cb13191453ffa68d6bfa825de2f5d1d866e7c24b0,0.17391304347826086,0.4444444444444444,23,9
deepseek-r1-distill-llama-8b,612efa26528030b05babe06c0852463be91a43e6b75f57a0ed239b1aa0bdd665,0.5,0.16666666666666666,10,6
deepseek-r1-distill-llama-8b,613a1068fbf8b8b20ddcf112d1467b4cb80ef74ecf51ef334a038882346b23a5,0.5263157894736842,0.4444444444444444,38,9
deepseek-r1-distill-llama-8b,61a27527a51ec71cae730d367801b4024ab1a18d273388642dff7179b12fc87e,0.4,0.2857142857142857,20,7
deepseek-r1-distill-llama-8b,631e66de2b0070ce133baa363c6a10ff5d05d5a3c565abf501aea15744f5a9d2,0.6,0.4166666666666667,10,12
deepseek-r1-distill-llama-8b,684b54e9cfb8f69e446452ee052c80ec6e3afac94f7eb50b602e2362687420b6,0.38095238095238093,0.5,21,14
deepseek-r1-distill-llama-8b,756349557e68ee243a470ebdd87ca192ab030c8a33263171274bdd2109a91304,0.65,0.375,20,8
deepseek-r1-distill-llama-8b,7b02ff7a706095d730e77a93b9c64de8ec3422fd5edafa4869221e30b1e928bf,0.0,0.21739130434782608,8,23
deepseek-r1-distill-llama-8b,7c421ce91de8f65fee6e42cf0049ec206b032f90447198a1a5a89f899512387d,0.6153846153846154,0.6,26,10
deepseek-r1-distill-llama-8b,80ceea1f485a1faab44e317d91dd81aae3f490f471b88991eadcf56472cbf6f7,0.0,0.16666666666666666,11,6
deepseek-r1-distill-llama-8b,8134b43e68f481c803ca9f5303cd73f373c60bc302026892540d876851a480d1,0.043478260869565216,0.25,23,8
deepseek-r1-distill-llama-8b,830a0e60fefe99d85ea44da9853accef33ce9731864797193e2ad9e526f20c67,0.7,0.625,10,8
deepseek-r1-distill-llama-8b,863f3097f141209f2e1f9e8a82acfafd8b951a39bd9b5b7751c4ffc7857db6e2,0.2222222222222222,0.25,18,8
deepseek-r1-distill-llama-8b,87e90bb2c5913ea6261d0b77b02c91d5de5fde0db73bb215e249cba07b385161,0.41379310344827586,0.5555555555555556,29,18
deepseek-r1-distill-llama-8b,89705211939e26e0566e0900300b70b83d79dced6081833aba9bed0c9ccc8c99,0.2857142857142857,0.4,14,5
deepseek-r1-distill-llama-8b,900fd60f7c2273d0b48bd4fa1a326c272d039613176ebd0a95788e7922abc405,0.4,0.06666666666666667,5,15
deepseek-r1-distill-llama-8b,901a2c8dacdc14d66a8e2cdb38ab067847723a237cdfb30171eedccc28d50938,0.0,0.25,18,16
deepseek-r1-distill-llama-8b,906e7d16ee2f621bd40bb1479616e7ae56796b4082a77b6843a018e69ad5c2f2,0.7333333333333333,0.5714285714285714,15,7
deepseek-r1-distill-llama-8b,92bbdf14896503e1feb0bb000b26c4115a7d47d8b5e4ecfb9a0b4c037a806f3e,0.25,0.23076923076923078,8,13
deepseek-r1-distill-llama-8b,93091ad1b5205f3c5dea04749c0f5cff95ff6e8a52c1e26308504f4ec7f0415d,0.2,0.4,15,5
deepseek-r1-distill-llama-8b,96c3d260d41a8e21c2d085feb4928e9d442f52e01e307be35448a9495345655b,0.9615384615384616,0.3333333333333333,26,6
deepseek-r1-distill-llama-8b,98e5eaf2d9d8395500a37bffba1025224702ebb1716a3eace63609b25feb768a,0.25,0.6666666666666666,16,6
deepseek-r1-distill-llama-8b,9c809905529b9af68322a5e26886ee31418bb20a756a80462e6c1837a8aeb404,0.05555555555555555,0.5,18,6
deepseek-r1-distill-llama-8b,9d796eb3d89f9b6a737d257bbfbffabf7636c5b3944df80adbb9da71eeae7d5a,0.2,0.2,25,5
deepseek-r1-distill-llama-8b,9dcaf5ddd5343c427496b9fa556dc646ece6baaec7ff28ed6826f6d56b7ea6d0,0.8421052631578947,1.0,19,8
deepseek-r1-distill-llama-8b,9e2e42ffcd71b857c9d14e4d92f46369eb65bea371f5be3ca51782550e2e9e01,0.5416666666666666,0.42857142857142855,24,7
deepseek-r1-distill-llama-8b,a0a3efb087814ebb57ee614b38a97cd7f93b645d79b81481a6d2de7ee7150cc3,0.2,0.5,10,12
deepseek-r1-distill-llama-8b,a3c412448459c9d45b6fb79eca3b610b5c050e378885c76fdcea5c58a7586bcd,0.42857142857142855,0.3333333333333333,14,6
deepseek-r1-distill-llama-8b,a5341a2d4e3594ce603bf214b7400cb43e45108b85f6c3c41ed22f8cf559d605,0.5833333333333334,0.5714285714285714,12,7
deepseek-r1-distill-llama-8b,a650e92451aa7a6ab785c337cc53d2242339c4c0cb7aff1b5f8c6c79ec370c68,0.36666666666666664,0.14285714285714285,30,35
deepseek-r1-distill-llama-8b,a845e6d2fb9ed4317b72d707f6270159e380e110219b798337c66c1acebe3356,0.56,0.4,25,15
deepseek-r1-distill-llama-8b,a88294d386290ed77394a75f93f722ba50c76f16ef40ce50be07123f3c45e067,0.14285714285714285,0.08333333333333333,14,12
deepseek-r1-distill-llama-8b,acf1ac38490dee9e2fd44ad2ad3afbc9af56eada556bce8617772d596ea0122d,0.7096774193548387,0.4,31,5
deepseek-r1-distill-llama-8b,ae34cd0ae988e3bee090b06dfe0f8d9dd88d2edce324ef26612ad3800a99b22c,0.5333333333333333,0.45454545454545453,15,11
deepseek-r1-distill-llama-8b,aedef1d20920f177d3236736451bc1cf03adc9dac96511dcc7bdffe38c4b1011,0.5263157894736842,0.5833333333333334,19,12
deepseek-r1-distill-llama-8b,b7941e86a19c339c5a5c70607cd9f6bf9b69bae5c42b3096429e54fb9e54fd14,0.2222222222222222,0.08333333333333333,9,12
deepseek-r1-distill-llama-8b,b8867214a8e79f755113398c9855fff88a65a7e6a640ec348c4b1b767f751d7d,0.4375,0.3333333333333333,16,6
deepseek-r1-distill-llama-8b,b8ac0c9a91a9c4bddcc138f7bd5c996c660eada8d913064ce820645129f0ddb5,0.42857142857142855,0.2,7,10
deepseek-r1-distill-llama-8b,bcbaa31d15fa005086585578c54db128250f06f458aa997cc993baebfb0d8354,0.3125,0.2,16,10
deepseek-r1-distill-llama-8b,be7a4c8d7e82f8bf014323e1088b6474e0a26057479ad0ba5c5c846248206d7c,0.38095238095238093,0.4,21,5
deepseek-r1-distill-llama-8b,c145a2ced834d978bb11ec1a064fcc1b8ae784afef8056be76275c25e5c95435,0.5555555555555556,0.2608695652173913,9,23
deepseek-r1-distill-llama-8b,c321eabb2c3a50bbde690b2a134b57a9555ba163da312300faa16821ed0bf9bd,0.23529411764705882,0.5,17,10
deepseek-r1-distill-llama-8b,c58046390dbf0f76a4c836e3d95c5b191bf54bc9a3c6f933c38e05527d6934a3,0.47368421052631576,0.1,19,10
deepseek-r1-distill-llama-8b,c5ba4ddd9a00007b4f6e584d87a67bed93ae68d8e424f8152ace50fae67b76cb,0.46875,0.8,32,5
deepseek-r1-distill-llama-8b,c85c65e43332569128bcce99f546977140851ae56dd3c4c1286203296bfa945a,0.30434782608695654,0.0,23,5
deepseek-r1-distill-llama-8b,c89ed532eadeade299de382ea6ee9248b597b40961b9476a7c60df885ee06573,0.25,0.07692307692307693,12,13
deepseek-r1-distill-llama-8b,c8dfe6396d29b5d3e21a17311e4697f9ddc030ae6714d653e03f7f3a9c3062af,0.45454545454545453,0.2857142857142857,11,14
deepseek-r1-distill-llama-8b,d2d50b42c41641b21a4407f253f62037b8e697392225f39d2d7e8d101c8a0731,0.391304347826087,0.7,23,10
deepseek-r1-distill-llama-8b,d30829900a1615c6ae8232e3471d4390caadc2f28a4236fced955a120c16e5e9,0.46153846153846156,0.42857142857142855,26,7
deepseek-r1-distill-llama-8b,d4c26c678081f5b9f25b1203162c1937fde58dd5aab6740f0a089ebb53ea10b0,0.4,0.5,10,10
deepseek-r1-distill-llama-8b,d5c43ccbf9d107d11895286c65260d27c895eeaca935c898fcbe076441552485,0.18181818181818182,0.3333333333333333,11,6
deepseek-r1-distill-llama-8b,da128cb039c62f162ba4bf79f5b8f73765fc121106841db602b0837f5fa81e68,0.3333333333333333,0.7272727272727273,6,11
deepseek-r1-distill-llama-8b,da6775582e15a40297307a81ef8e8babac161db7deee539c3f5fb251700cc432,0.3333333333333333,0.25,6,16
deepseek-r1-distill-llama-8b,db7a61ef054987c9eaf3f2f8b521ac885d30d8bd49dfc76fb1ae2b3111818eaa,0.5208333333333334,0.4444444444444444,48,9
deepseek-r1-distill-llama-8b,e1105a80f2c790b5afea5dab375853f4204fab766eaa79c385e9910525597802,0.4482758620689655,0.4444444444444444,29,9
deepseek-r1-distill-llama-8b,e2e79daa3ec7908fe38d7fb3750c9a0554c59cf5751deda16de2c4c3eb76779a,0.4375,0.55,16,20
deepseek-r1-distill-llama-8b,e632189d7b879d3d220a527231232b1b52efdfc102e86c778d6d3c1b47ee02ac,0.2857142857142857,0.25,7,8
deepseek-r1-distill-llama-8b,e87b24d60bb54f824fd8dd8adcbe07435c7ed21afe2521b4e1c3a5957096e8be,0.625,0.4375,8,16
deepseek-r1-distill-llama-8b,ec038bb7dc7b3f626e2be0cf8bcf1b12e831ac80b477192a7f5fa24d88ede1fe,0.2962962962962963,0.5714285714285714,27,7
deepseek-r1-distill-llama-8b,ef42c89919623370c46e906a93fac3ef84a7a26e6be1bb64f0873a8a648450f0,0.5,0.8,18,5
deepseek-r1-distill-llama-8b,ef5ebd82fe7e6662c27a6553ab9939e8411f0d2bd04019bc2b4493e864f70c4a,0.35714285714285715,0.6666666666666666,14,9
deepseek-r1-distill-llama-8b,f4a5415d549a2fbf75d21cd84415ce7251794d52acbc3b2f7b9460d2d41428a0,0.5384615384615384,0.375,13,8
deepseek-r1-distill-llama-8b,fc04cad9b3dbe91536a7dc5c98e26ba419e94b9bc14c8b293f512ec518137796,0.34782608695652173,0.2,23,10
deepseek-r1-distill-llama-8b,ff791900a72b98081acae2642b6544235c19a514e2cc26383b070cdf327e15df,0.8125,0.7647058823529411,16,17
deepseek-r1-distill-qwen-1.5b,053f492ef95eba4fc89f47b95a883783c9aeeab946c9bd04eb4685b5d09ebc33,0.5714285714285714,0.75,7,8
deepseek-r1-distill-qwen-1.5b,06589cbbc7e515388053919cbc34e2b7414194ef1b9a2bc429636685408db942,0.2857142857142857,0.2222222222222222,14,9
deepseek-r1-distill-qwen-1.5b,102f8d05b06ca9ede8725f2977c52d0f9c9e9b2504a6d32720dc2cb138cbf604,0.6,0.8,20,5
deepseek-r1-distill-qwen-1.5b,10440d64944cb4b04259fa0866f5c39f13c14a3ec68e800226d14ecf0fb3dd8c,0.4,0.8,5,10
deepseek-r1-distill-qwen-1.5b,11a3865fb7b261a7c7a89f6a645dfbee956d6b4cbefaa5e29533bec4cba5d0a3,0.6,0.625,10,8
deepseek-r1-distill-qwen-1.5b,11c066c073d2a398f8c97f9b5f6059dde06da9e45a9bde10296a1e283f7efdd9,0.08333333333333333,0.14285714285714285,12,7
deepseek-r1-distill-qwen-1.5b,12fedf0ff9e4e18b250c0db7c5e9cec2257362ba9e046247e38e561f75f7961a,0.5,0.625,10,8
deepseek-r1-distill-qwen-1.5b,15dfa87102e8e2c566ed0f9603d7a0448011278af872bc95254c01a6ef10d486,0.6363636363636364,0.8,11,5
deepseek-r1-distill-qwen-1.5b,1a648b3fe9445d60c7fd32dd4b32008c16acaed350ad9ebf125ae7701d333413,0.25,0.18181818181818182,12,11
deepseek-r1-distill-qwen-1.5b,1b94cd7d03c0f60171c43f5651471cb97879b520734b2a14a09af2fda8d8a0ea,0.09090909090909091,0.4,11,5
deepseek-r1-distill-qwen-1.5b,1fbe39f4df7ed8f9c951ce99aa1ff7a87ec701a418c0d201a93c93a2c363e82f,0.2,0.42857142857142855,5,7
deepseek-r1-distill-qwen-1.5b,25f627b1ad4a91c7d0af3879381537134781a629f780232ab5d7a44bcc5b405b,0.3125,0.1111111111111111,16,9
deepseek-r1-distill-qwen-1.5b,381ca75b7c0ddd98480d90e33e8c4716a0009a5ad3c6a80b8b9c87c240ac952f,0.6923076923076923,0.4,13,10
deepseek-r1-distill-qwen-1.5b,3e68f7a1084358c68cbaaf31efd0b7ab7a367a6cc4109d36fce19a7c0b021e8e,0.625,0.6,8,5
deepseek-r1-distill-qwen-1.5b,3f10ebe700c4b44efecfe1c78d7061ed389ddc5983d764b967f93354bcc24fe0,0.5,0.625,6,8
deepseek-r1-distill-qwen-1.5b,416c5f89c3016f5f61fa108da25b8cbc24a87e563fad21557c67f70eef00486d,0.2222222222222222,0.14285714285714285,9,7
deepseek-r1-distill-qwen-1.5b,45580d9b2fc6452748e77325969f38c11d2705e2b4c453037ee855d08fde29e0,0.7142857142857143,0.8333333333333334,14,6
deepseek-r1-distill-qwen-1.5b,59061cfe86839e20b159e9c9cb1aee5268a49f57b2a382b7711df4f169496c5a,0.95,0.8333333333333334,20,6
deepseek-r1-distill-qwen-1.5b,61f0d9c33055ff20bbe31192c05515847709bfdb0765caa20d6848a3179f936c,0.5,0.5714285714285714,10,7
deepseek-r1-distill-qwen-1.5b,648e47b2f1bafb52f22a376678ffd418b9643888c2690725865820989aa57871,0.7272727272727273,0.631578947368421,11,19
deepseek-r1-distill-qwen-1.5b,6b29b99cf7808f9bf3e157bf6d638c577363706382846b84032e46c306e25b83,0.42857142857142855,0.0,7,7
deepseek-r1-distill-qwen-1.5b,6b82eca76a3eabc699a4ebbba263d97ca4b9064f0ffef3eb56e12e83514dc7e8,0.9444444444444444,0.8571428571428571,18,7
deepseek-r1-distill-qwen-1.5b,73f65b45ebe36218250cc8e29d89c0610a621f25dd7c53041013a43f96ae602f,0.45,1.0,20,5
deepseek-r1-distill-qwen-1.5b,7c7927bff5ee0774be9aef84c7c448e46779016700f311a59a354759131fbada,0.3076923076923077,0.0,13,6
deepseek-r1-distill-qwen-1.5b,7d601798256d0d04c11f12822ed3556dea9aa5a39673b56d51b977b35546a3ae,0.25,0.0,8,8
deepseek-r1-distill-qwen-1.5b,7eecde4d2031061c2b7dfb7ffee2ba5f798445559758353fa77ac09045950f86,0.7777777777777778,0.8,9,5
deepseek-r1-distill-qwen-1.5b,894c92c28ffdac20775618973fe349aa89ea1537fdf4324946b0bb34a0046b21,0.2857142857142857,0.8333333333333334,7,6
deepseek-r1-distill-qwen-1.5b,8a7bd474250d0ae19560f48257af2c25690caaa22894d03e1adfdb15325e0d27,1.0,0.8,12,5
deepseek-r1-distill-qwen-1.5b,8f06066e2ff4a57947358486c2d012cc162e70a54f6817cdda1c480c2fe2ea0b,0.8333333333333334,0.8333333333333334,6,6
deepseek-r1-distill-qwen-1.5b,8f64fca2cf5c4ac5610e5efa873ff50be1ad5e8453ef0052a5973e275969ca83,0.4,0.5,5,10
deepseek-r1-distill-qwen-1.5b,93f6f9c850f8252791591283e6f14057432814edd65ec72954dfe8095796073f,0.25,0.4,8,5
deepseek-r1-distill-qwen-1.5b,9984bbbbdfb5cfffa8c8c4deab96a974512bad7429e299d0ab0ebf41db09a4bb,0.23076923076923078,0.2222222222222222,13,9
deepseek-r1-distill-qwen-1.5b,9fc8c5306fb9e7475699cf84460f81ec9615f3c47084d9ff99c14928f883de7b,1.0,0.8888888888888888,9,9
deepseek-r1-distill-qwen-1.5b,a4a5eace3266797d140ed765b79af36db63dc56eb7080c8bf39e5076e528db34,0.625,0.6,8,5
deepseek-r1-distill-qwen-1.5b,aa521f3e28f4916295cb2e725bb2b37c9d817103daff60b39bc5fe7f59ad0e4a,0.25,0.0,8,9
deepseek-r1-distill-qwen-1.5b,af6b7ed322a504801ff11359206481163eef70f72220670382f3ab0cc757a87e,0.0,0.2,6,10
deepseek-r1-distill-qwen-1.5b,b601a454f5b33353323a9f646da53f012f505c1ebfc845306eff8bf777de3b17,0.3333333333333333,0.25,9,8
deepseek-r1-distill-qwen-1.5b,b9774713aaeec51f6f786a926dcfbf5c648db806578e511f22945151bae4c4b8,0.7222222222222222,0.7142857142857143,18,7
deepseek-r1-distill-qwen-1.5b,ba209520247ac94a7d5f91ffccdab43b8362e7502a8946e5e3df670836de1783,0.23076923076923078,0.36363636363636365,13,11
deepseek-r1-distill-qwen-1.5b,c75dab1440466cbfd2f4df3e06b9d06eb4be56fa42797e33cf1e899847a733e3,0.5,0.0,6,5
deepseek-r1-distill-qwen-1.5b,d8a348bedc1ff6ee91cb22af14f03ba5aa435fc8ec229ca9e534ec0dfb960ba9,0.42857142857142855,0.6666666666666666,14,6
deepseek-r1-distill-qwen-1.5b,e2369a8ca08930662838b00f852448d7482c231ececdb07d532ce1be315a47ea,0.4166666666666667,0.4666666666666667,12,15
deepseek-r1-distill-qwen-1.5b,ee1afd8dfd3ddf52704ccdfbbee09fd4ae3e9aa980578ee05ce86b54000fe45e,0.11764705882352941,0.0,17,7
deepseek-r1-distill-qwen-1.5b,efb22ecc031bbfcd3613e83aa8b0dc82135a8cabcc8758b24543b51da13d5282,0.25,0.3333333333333333,12,12
deepseek-r1-distill-qwen-1.5b,fcc94381a4a81af4cc0dfc020d3a18e2c592868fe1d8aaaf3f47457c57f2716d,0.4375,0.3333333333333333,16,6
deepseek-r1-distill-qwen-14b,004628bc9736dbce9cdadf782c41fdbbc8960d75bd5420f74fb8c700bbf3954e,0.2857142857142857,0.09090909090909091,49,22
deepseek-r1-distill-qwen-14b,03a9342afb6ce45e168c620181916e130fb4b0b3f44cdcf8ed730aff184fb5eb,0.9259259259259259,0.7,27,20
deepseek-r1-distill-qwen-14b,07f64798bcd054443e871d3621169c2acd7185d78a6d0474a5128fcf770ac90b,0.4915254237288136,0.2857142857142857,59,7
deepseek-r1-distill-qwen-14b,08b29d23cb2db86e4bff50347ae4137db39579cce88d649ca7a89efa3c168a5b,0.3125,0.5,32,6
deepseek-r1-distill-qwen-14b,0a9df4c556164239c32879347565014a9d902f6677c666e937429a38a6b2b90c,0.2,0.25,20,16
deepseek-r1-distill-qwen-14b,0b98460c35ffd346385a9a70d902bf726435169ff7ad1c6025a3c16ab3af2f5b,0.3492063492063492,0.4117647058823529,63,17
deepseek-r1-distill-qwen-14b,0d5cbb46546ba7ba75cafe348c2247c5bc90aefbc91b1ad40052644e8fb0bb48,0.0625,0.4,16,5
deepseek-r1-distill-qwen-14b,1306b39708e895ad28664b79ddf99fc2965a349e0aec30feb6045ecbacfbde9e,0.6538461538461539,0.56,52,25
deepseek-r1-distill-qwen-14b,13f4bca15a32bec5c9b7bfcdc47cff2f1624ffece48da02f05825cb711f3eb23,0.3076923076923077,0.14285714285714285,13,7
deepseek-r1-distill-qwen-14b,15b16f0371c2de979d07e7638e55d1019fb43be9ac8ffce12ac26826ff1ad334,0.7142857142857143,0.6923076923076923,14,13
deepseek-r1-distill-qwen-14b,1a2ad9c195f8a80427fdf295904dac2c5cf8de9613a5e9efda780ba570fc72c4,0.5294117647058824,0.5384615384615384,17,13
deepseek-r1-distill-qwen-14b,1ac885786962c33609177fbb80be1f8868092021f1dd0205a89c6b2302796a93,0.10526315789473684,0.2,19,15
deepseek-r1-distill-qwen-14b,1b0fdc0a1afb9bc1355bd6094f2fdcfa6cf8efe86c5cb318c24534840496d2c6,0.3684210526315789,0.631578947368421,19,19
deepseek-r1-distill-qwen-14b,1d45a70bd9e47c8d917b776494b6b22f8b06671f5f135b38ef0332ba4ed12a0d,0.36363636363636365,0.6666666666666666,11,12
deepseek-r1-distill-qwen-14b,1f85a7fddc803a6e64f1b0dacb1488eaed2bb680245df03f614efbe3ebb7e929,0.5375,0.0,80,5
deepseek-r1-distill-qwen-14b,24362a99acb2d4016b87422a1241f7ec8579c437aac343a703c55ef10727615e,0.11428571428571428,0.3448275862068966,35,29
deepseek-r1-distill-qwen-14b,25eec22abd7c6468d1d3bf6980e1eede034d9a0914c7e1bfb2886747bf131c45,0.5333333333333333,0.6666666666666666,30,6
deepseek-r1-distill-qwen-14b,26f48613fbd7e4a91f545cff678db8b8740cd9b2548ec8902ace7ac4f73a4cb4,0.5952380952380952,0.875,42,8
deepseek-r1-distill-qwen-14b,287458dd17cadfc154bd6b3e8bc7fd7bccaecdd521358e02dfd9b03c40dbdac3,0.5185185185185185,0.5714285714285714,27,14
deepseek-r1-distill-qwen-14b,2989748e8ecae6b889fb7d5b937c842fc5e391094560edd4d347c2ea6dd1f8e4,0.5217391304347826,0.46153846153846156,46,13
deepseek-r1-distill-qwen-14b,2ca5952b5c127fa3d46e92d58ac9680e7e08ef54e1e0b1b217017a41ddb652d6,0.3333333333333333,0.14285714285714285,18,7
deepseek-r1-distill-qwen-14b,2dcdd663b2da1d67645f7384769ff54bd2484d0f7850cc843e5703f9f14b5243,0.6,0.5,25,6
deepseek-r1-distill-qwen-14b,2f4398d35e0e050a5ff9e5815b796810208507c473a696c5ceeeec927f2ddf95,0.375,0.2,8,10
deepseek-r1-distill-qwen-14b,31000cb211ff3899b0da93d332a981d697bde4bed70f3fe181b009add778e113,0.2857142857142857,0.5,14,6
deepseek-r1-distill-qwen-14b,335669dc7b39cadfd288a5725a1660b66f0247aab8efe053c4606e9bd9950abc,0.2857142857142857,0.2727272727272727,7,11
deepseek-r1-distill-qwen-14b,3488722b61b7242ac79cbf54a90eb8360d7aa998dd04c01385ee13ac63704f23,0.42528735632183906,0.4,87,25
deepseek-r1-distill-qwen-14b,377e2e906ad9ca1d29009e1a3c50a8792f682d148e3f78db4442533a1b637c76,0.48214285714285715,0.3157894736842105,56,19
deepseek-r1-distill-qwen-14b,39d5a6466a2e58fba66457d853ae5f652c10b1a55b46213c06235ab316fef03e,0.4634146341463415,0.2222222222222222,41,9
deepseek-r1-distill-qwen-14b,3aa41dc06996d7e779e0b85e3bdae6f5e430e6ee017b58253ebadf47dfa30b52,0.3333333333333333,0.3333333333333333,21,6
deepseek-r1-distill-qwen-14b,4369f435442bb72188c31040bbcac8e354b60b0fe314dc91641c7755eceaac7e,0.875,0.8571428571428571,8,7
deepseek-r1-distill-qwen-14b,4451bb3aba76864db779fc31c631bc4495790c4913f567849adfb57c8eb269a3,0.3448275862068966,0.36363636363636365,29,11
deepseek-r1-distill-qwen-14b,463e4d6570b7910bc47403849f08be2b36e51568e43e1be8dc3992ff576fb93f,0.5208333333333334,0.0,96,5
deepseek-r1-distill-qwen-14b,485288e79ce43b9762fcf4c711c7f4503b0564784a5687e60b01b2bdac4fc55f,0.35294117647058826,0.42857142857142855,34,21
deepseek-r1-distill-qwen-14b,488da8c629e5ab9420778a8e739142817b4c3b73b6816e54737e38f6ecef3716,0.23529411764705882,0.3333333333333333,17,6
deepseek-r1-distill-qwen-14b,49e7ae252138bfa34fe31b84e2047e579e7c69d46eb1363455b78649b651e91c,0.4090909090909091,0.36363636363636365,22,11
deepseek-r1-distill-qwen-14b,4b8f45d70ee86b95a840842e2c8c142b47f5f943feeea62e6becba10ba4fc2e4,0.35,0.14285714285714285,20,7
deepseek-r1-distill-qwen-14b,4d6572600c27351452c6e6aec750ad6eded4804f167aa8f3737fcdc33a82a5e2,0.5714285714285714,0.5806451612903226,21,31
deepseek-r1-distill-qwen-14b,50f492b0b4a771d0e4a8c9c3ed74e97c6df9487ac66d74e2c2459e8583d96093,0.6470588235294118,0.7272727272727273,17,11
deepseek-r1-distill-qwen-14b,53a52d4340926ed767d228024ef79d4b9ed30b2a15469c01b52feb9bfbdd6044,0.55,0.7142857142857143,20,7
deepseek-r1-distill-qwen-14b,53d885da223685f62ec1672f99e156cb7a6d83dc35feaa7e6afe48aa10128966,0.45,0.0,40,6
deepseek-r1-distill-qwen-14b,53e8a5614717d250f8e3276a478b48a8ee87a28d3c7b30f8dd9ca602f8cf6b80,0.21428571428571427,0.35714285714285715,28,14
deepseek-r1-distill-qwen-14b,546152c16066377455c7ced6b3543f2c9701cecbe070b42fa20cd41da856d0ff,0.4,0.4,15,5
deepseek-r1-distill-qwen-14b,563d544e0360baf2d5e26f97958d413117d144ce9b09c946b6dc5aef7b1f7ea5,0.1,0.1875,10,16
deepseek-r1-distill-qwen-14b,584feb929fc3c023d4529a1cdd718f38a125b6da45dc9882ae1ccd477aadd2ad,0.4883720930232558,0.2,43,10
deepseek-r1-distill-qwen-14b,588186a53483ba27e422f49e4b0a736d73ef0d6f681a858797804f4065a08b6e,0.3888888888888889,0.4,18,5
deepseek-r1-distill-qwen-14b,6287651f7b7883e1522f1fc54157f66466928456318eba1c5df71831bf722aa5,0.4090909090909091,0.3333333333333333,22,6
deepseek-r1-distill-qwen-14b,6298e96c013815895001bf529491a0f70c43603e86c2f95c813950bce88bb049,0.06666666666666667,0.21428571428571427,15,14
deepseek-r1-distill-qwen-14b,658d1ce32ee855d9cb68b2a4d85dbf38c73c67a1c379628ca9972b5339cc0021,0.40816326530612246,0.46153846153846156,49,13
deepseek-r1-distill-qwen-14b,65f37d982989af0b519d520b9b380a5be2eeda4eb7c7df7a9f7d757f760b6850,0.43902439024390244,0.3157894736842105,41,19
deepseek-r1-distill-qwen-14b,6a1ed5ff3fcdbfbd7bd859a20256b05c01d62a10efcefee3f41a5ac444327157,0.4444444444444444,0.35714285714285715,18,14
deepseek-r1-distill-qwen-14b,6cd75c94129561fec2a83a8ec1db26ebb07ed83fe3ecfa40058e13ec18dcbed7,0.08333333333333333,0.25,24,8
deepseek-r1-distill-qwen-14b,6d432a59722a1897e1a4c9bc5e8720fe013b2d9aece56aa5a4b2f069f85062ec,0.391304347826087,0.6666666666666666,23,9
deepseek-r1-distill-qwen-14b,6d9d2a1b0bf71b7b7dc3055bf9c32c903ac36eff638eb4b4f9eecf9136a25a5c,0.3225806451612903,0.5,31,12
deepseek-r1-distill-qwen-14b,6e7ea24d41636c0d6b24031d9509eba55cdef151e97803652f6255246d67f6f5,0.29411764705882354,0.1111111111111111,34,9
deepseek-r1-distill-qwen-14b,6e9cd55839e48f7ba4db0045e8b900a2a2138c470c255fc3bf2db37cd5efb912,0.5217391304347826,0.5294117647058824,23,17
deepseek-r1-distill-qwen-14b,6f05013fa2e2a0f9aba1c827f9530429aaeb95027fd65a64d3a2df4c923a7f28,0.4,0.55,10,20
deepseek-r1-distill-qwen-14b,75a873bb84385013454f76cb321d520461e1235870c8992d1c6c140fdadaad0f,0.5217391304347826,0.25,23,8
deepseek-r1-distill-qwen-14b,79060cfbdae0da21a9d39a98091f83483804fb27ca059a691dac53ec88d218f6,0.47368421052631576,0.6,19,10
deepseek-r1-distill-qwen-14b,7ae9d650a77dadf4eb190f1a48663e8df4edca15f4cc45fde7bb6b1f04307629,0.46296296296296297,0.4444444444444444,54,9
deepseek-r1-distill-qwen-14b,7c8334ed48a23a23477a0420a96559a0c9ca7e027c1c001207e502263e6c9144,0.25,0.2777777777777778,16,18
deepseek-r1-distill-qwen-14b,7f62af2be077978cd81dc34b712a8de25edb79d77ea97f95dd08ef2889819484,0.25,0.5238095238095238,24,21
deepseek-r1-distill-qwen-14b,7f8093b9d431e0f987bde8199660b80ae806a1ad11e15d4c4c6dfffa363ec8a8,0.8181818181818182,0.8333333333333334,22,12
deepseek-r1-distill-qwen-14b,8125ee3f1cd37c37372bfe0e9ca2e473f66ab64d7c5ec6468007bd2db15a9558,0.38461538461538464,0.2,13,10
deepseek-r1-distill-qwen-14b,81f419f1a178f7f22607af1fefac0127076b6d407489e7d9b270b4e2f9766c98,0.5416666666666666,0.375,24,8
deepseek-r1-distill-qwen-14b,8332067a5de07254705402a552ab8411922f03f36ff17e09e8962d187a4b9be2,0.13333333333333333,0.13953488372093023,15,43
deepseek-r1-distill-qwen-14b,83f833e05b151f74af22c524fdb11db7300c32e36be379f8c5611b336a5e38dd,0.35294117647058826,0.23076923076923078,17,13
deepseek-r1-distill-qwen-14b,840eb763312f772e1c0d00c6074a6c7b8677294c6fe655f1a7ef5fe02d11d4e4,0.41379310344827586,0.3,29,10
deepseek-r1-distill-qwen-14b,8436b05a3687fe728e709f28df29263c798e98af29b36d79515a8fc83fa6f7c7,0.5945945945945946,0.4857142857142857,37,35
deepseek-r1-distill-qwen-14b,8466d416a477c21b4252e8d11ff069a5aef6e3219ac53bc2b7e1ff02653a8a44,0.4117647058823529,0.375,17,8
deepseek-r1-distill-qwen-14b,863d5a5ae3698b3d5c6ef2b0e90dc6c2bab149f69561d22c6a2d86a5ef639153,0.5833333333333334,0.3125,12,16
deepseek-r1-distill-qwen-14b,8aac678f438be6b7be65ccea48235723c81c7af267ecfef080ef50cc0d6a5449,0.23076923076923078,0.4,26,20
deepseek-r1-distill-qwen-14b,8abd424721691b43d388326ac7e84722266ef908c52ee4b712e5f85ba049653e,0.14634146341463414,0.17647058823529413,41,17
deepseek-r1-distill-qwen-14b,8b49b9b74fb8e37871fb2dadc65d629fb702e681775a0212a05d62546a1614df,0.5921052631578947,0.6,76,5
deepseek-r1-distill-qwen-14b,8ef2fbad0298df18fd9ff7de270e8422269a870a8c7d19b0f3c79032f1776aab,0.5909090909090909,0.0,22,7
deepseek-r1-distill-qwen-14b,92a35aba5f0cec62a9b327e0e176532e38ae04f8637caa9b3598f4518f443a63,0.4444444444444444,0.375,9,8
deepseek-r1-distill-qwen-14b,94106033bbeb8ffd9e6630f2d949b575ca3a9621e716b6121d317878790096ee,0.5555555555555556,0.2857142857142857,18,7
deepseek-r1-distill-qwen-14b,95e317db14a05210c846dfd577ba183a1a277b1fbba82523a15a362b0395504d,0.18181818181818182,0.45454545454545453,11,11
deepseek-r1-distill-qwen-14b,96787739d2216916e7283f5bef3679f554e14eccc76d7d8e16db9d02808fd7dd,0.35714285714285715,0.2727272727272727,14,11
deepseek-r1-distill-qwen-14b,96f36fcf2b07253489263177b2a69372a9f4cd1cda469a4274bbd50e82d1345a,0.4444444444444444,0.47368421052631576,9,19
deepseek-r1-distill-qwen-14b,978d2c058622d87fba2e0e951c4a5e95fbaf58250b33d0e88f163d70f4b1a4e6,0.9545454545454546,0.8888888888888888,22,18
deepseek-r1-distill-qwen-14b,99366890345f78363b02433b13aef30868f1561a76219af3548d88af0e40f670,0.4,0.2,30,5
deepseek-r1-distill-qwen-14b,9dc6ce064e516dde7040b38f296d7e2b12ab7c367d5f3792f7c7ddd3c1597d71,0.875,0.5,32,6
deepseek-r1-distill-qwen-14b,a08d8e29bac66c6e87d3f266f44b5d9a7cd33035fdd4ac1c9491725b400563d9,0.4,0.5833333333333334,5,12
deepseek-r1-distill-qwen-14b,a11823e4bd8d4c7f7bf8fcfc94cf2ac23aaa15d745ac847a0a5c496777b9b9a4,0.6842105263157895,0.8888888888888888,19,9
deepseek-r1-distill-qwen-14b,a2963cc902fde55ee58cddffb3ac66ae3ff63c00b4a5e783ac973ccdf732bcef,0.038461538461538464,0.29333333333333333,26,75
deepseek-r1-distill-qwen-14b,a55a82c7d98cc781c43b1d4f3b08cf3ec37ea3857e73bd59e8affcd7a4d94d8d,0.5909090909090909,0.7142857142857143,22,7
deepseek-r1-distill-qwen-14b,a6aaa918353376cabbab7845066428571169b2883ad5ff04630aa09efe22ca82,0.5853658536585366,0.2,41,10
deepseek-r1-distill-qwen-14b,a87d025d517f56d2039c8613427d1bc718cfc3a98553b3fc87270128898eb442,0.1111111111111111,0.16666666666666666,18,12
deepseek-r1-distill-qwen-14b,aad7b40be83afbb7b31299cb9640ce9d954d0729873c2f4a7442739ad4e3f56d,0.9047619047619048,0.5714285714285714,21,7
deepseek-r1-distill-qwen-14b,ac1be2f0984f2cd94b8fd6803c8d7436dadd3316d4d566949f6116e4700e53c6,0.5,0.7,14,10
deepseek-r1-distill-qwen-14b,ac95af191c33cb6e23571ce1c189accef1e78a1fe17ccb8e29ec6b0c7e9549c9,0.23076923076923078,0.5185185185185185,26,27
deepseek-r1-distill-qwen-14b,ad5a3126ceb60ff49e64300a35ee0cd2f1793f86ef2d937fa6e206cf0bbbda23,0.3442622950819672,0.1896551724137931,61,58
deepseek-r1-distill-qwen-14b,aeabe81f6b2df42615fcc6c452b0cc67c142d6ef860c3baa72de9bd96e4744a6,0.1875,0.35714285714285715,16,14
deepseek-r1-distill-qwen-14b,b165bad93b700c64e24943eb4f9781b0c93523bfa830467d6b8788e7125831e2,0.3870967741935484,0.5,31,6
deepseek-r1-distill-qwen-14b,b32a4a16df3cb1ea7cf4c76c52c791eba7b068484fd34bd682745ea71b808011,0.6,0.19230769230769232,5,26
deepseek-r1-distill-qwen-14b,b42850e327673788c35b3bd4a4c00a302d25d4ccad81ba16ca0578e421da0dc5,0.09090909090909091,0.3076923076923077,11,26
deepseek-r1-distill-qwen-14b,b4c3869a3078a87fb2e7741d80710491d579e1991bd1115d69e11fb29ba3be33,0.4,0.5,10,6
deepseek-r1-distill-qwen-14b,b53f3e7ef4c844c2b9d6452d0e5fd3584b379bbc554afd124b08590e581db009,0.1111111111111111,0.3333333333333333,9,12
deepseek-r1-distill-qwen-14b,b97fb20d7ae216574817ba5bcdadb8a1d89e969797904529e4fd55a03a53caba,0.5535714285714286,0.56,56,25
deepseek-r1-distill-qwen-14b,bb9fb984241bccb0bd521c407b930191d0151bded69bdae5f23e9fad526b94ef,0.6346153846153846,0.4,52,5
deepseek-r1-distill-qwen-14b,bd819b7e612f53c34ab274da829424083de766ed13dfe23e9a2cafd3989ce0bc,0.47058823529411764,0.6,17,10
deepseek-r1-distill-qwen-14b,c5b5d239c45c8f511668867babba367d7b01b947c155d0f63a5f3679512ca307,0.47058823529411764,0.5,34,6
deepseek-r1-distill-qwen-14b,c813377241eba784ec4a0d3c70d2ab16069dfce1d3cd4b299c08b4ddaf310f9a,0.2692307692307692,0.16666666666666666,26,6
deepseek-r1-distill-qwen-14b,c8be53fadaa366d44fe04c72a465dbff1eae0e51e3ceec9e919e031c89623a3e,0.47058823529411764,0.2777777777777778,17,18
deepseek-r1-distill-qwen-14b,ca6ee16129e8afca70439d303c1fba762b4aae41dc983356e98450e94f8757fa,0.5714285714285714,0.29411764705882354,21,17
deepseek-r1-distill-qwen-14b,ced8cd87a7163a6479df7d43bc38bf5fc98034d067c0954da13cbf3f7ce13305,0.25,0.16666666666666666,16,6
deepseek-r1-distill-qwen-14b,cef4f35f512a968ee61890e680baab0a843192b1943dc4232cb8da4627668953,0.375,0.2,16,5
deepseek-r1-distill-qwen-14b,d07c95882ae54d5fd134daaf44194b1cb842d77c8eb2a7aaf89e5942de0094a0,0.7758620689655172,0.0,58,6
deepseek-r1-distill-qwen-14b,d1aefd3a02753df68a09876712715d50d1d9bc15e5099425682d1aa3085030d0,0.582089552238806,0.8,67,5
deepseek-r1-distill-qwen-14b,d248e0772fc698302b2488d38c5889f25274639ee4547c518711cffcb7da27db,0.18181818181818182,0.25,11,12
deepseek-r1-distill-qwen-14b,d31086b1796ddba453bf672cdb5e1b16d8a4ddea0f1da6d557d780c7bce4b454,0.16666666666666666,0.4,12,15
deepseek-r1-distill-qwen-14b,d664745d6e523a12ec71d30a0d91c4313798571937dde060a62d0d6d596b85f7,0.35,0.4791666666666667,20,48
deepseek-r1-distill-qwen-14b,d76202ffb865662ead3f184d37960fd82f1280ac235823727fccf3e14b205db1,0.3939393939393939,0.375,33,24
deepseek-r1-distill-qwen-14b,e0d65d06fea6b486edac78fe7241f2d6be94e917bc4ce6af39600a9c3f959298,0.5625,0.3076923076923077,16,13
deepseek-r1-distill-qwen-14b,e19685f39a9b0397b90f8d823c81ce30287897997c3ca01c888e9c53fa3856b6,0.23529411764705882,0.4444444444444444,17,9
deepseek-r1-distill-qwen-14b,e23ef20a61e51167670df0cda6fb10fc70ead71950203cb5f965eff2c89ea574,0.7037037037037037,0.6,27,10
deepseek-r1-distill-qwen-14b,e4d05f0cf5a2a7b4884b9c6349978d8fdd0022048e3e9db8cd615b9e3b340297,0.5,0.5,20,14
deepseek-r1-distill-qwen-14b,eabecfe4fd9f61236559091249787f0d789c9594a1736d73e746973f5b63a4e5,0.55,0.3333333333333333,20,15
deepseek-r1-distill-qwen-14b,efff2929c65eba67cad7632de76684ab97c4d81e17060d0febc340f8d0525673,0.5135135135135135,0.6190476190476191,37,21
deepseek-r1-distill-qwen-14b,f6bb3f2d01d4b50093c8c6ad245b8d2026ec8cafb41b18929f156f395105b92c,0.5256410256410257,0.391304347826087,78,23
deepseek-r1-distill-qwen-14b,f867e87d774230ab3cfaca2259502762b116b08fae91c1c34e382eed72f96f5e,0.8,0.6153846153846154,5,13
deepseek-r1-distill-qwen-14b,f8d097c0f63fe7f53df162333f42be09c919702173c655bc0dea66946ea03834,0.3888888888888889,0.75,18,8
deepseek-r1-distill-qwen-14b,f96010c4b4b171eb5be1473926783e8469e76a633bc0feb3c1818a2c94d238f8,0.6451612903225806,0.4,62,5
deepseek-r1-distill-qwen-14b,fdd1eba11c19aedc879634096536fce9d44293a17809613a645490eaa870c1ff,0.42857142857142855,0.8,14,10
gemma-4-31b-it,00bd7a64357ff0ba93d52c6f5e0af5ccc7c1d8b6b892ab677c5e8de96484209e,0.5205479452054794,0.33175355450236965,73,211
gemma-4-31b-it,0199e2dd092a3d9070f21342247a96603c4648fe5fda2605c046ebd0e87917e4,0.1891891891891892,0.1206896551724138,222,58
gemma-4-31b-it,0b309869da189c64b1ba1ab4a536fab938cb5dc247cf674f0b0c04e623685082,0.2,0.31092436974789917,20,238
gemma-4-31b-it,0b31f91612c0d8b01110009686ae2e0f475fbdc61d7dfac82945a4afd8a3a111,0.425,0.26865671641791045,40,134
gemma-4-31b-it,104eea2dd529f7799d72b9b1238c72feb26a080b0993e05c121b84eb1f5d8ede,0.1702127659574468,0.09215017064846416,94,293
gemma-4-31b-it,1132fca1f9d9ac39a273b6f3ecde62a319f58172921648738edaf4afda8e3ddf,0.28205128205128205,0.23376623376623376,78,154
gemma-4-31b-it,13c944d8ad7eeea45af7e606f363325fc486e745f613159141ea546751fe864f,0.5172413793103449,0.2578125,29,128
gemma-4-31b-it,1e0cb25b0cb039072d8277b5d24a43fd4d9a170ba234bfafdbfb4ffd758cc466,0.14130434782608695,0.1595744680851064,92,94
gemma-4-31b-it,23ba056627ccd5f59ba3cae8148706aeaa8d89c22fc4ebc786b08259e6125c6d,0.3240223463687151,0.12903225806451613,179,93
gemma-4-31b-it,2648a02b90f18b3548279bcbc58a67e216c55dece47990f2b9416a5524e15d9f,0.041666666666666664,0.13636363636363635,24,110
gemma-4-31b-it,278407bff404c87212ef4efadcc531d27741ccb96a91d546afae59aa6f711748,0.48148148148148145,0.28205128205128205,27,156
gemma-4-31b-it,2e9dbff9a41c86d488bf03f98cfc0e6a561787efff54f2c05f5e3083c34777ca,0.3888888888888889,0.28619528619528617,18,297
gemma-4-31b-it,3ccb5946c1d615a67cbddabefc740069d449cae30d6d1b6fcffc89580a7493d0,0.29411764705882354,0.18584070796460178,85,113
gemma-4-31b-it,465253e4053156f064c1e6b6b42d4c4fcd102fe4e41e131521681533e5528ac1,0.18633540372670807,0.11764705882352941,161,119
gemma-4-31b-it,49fca9de0611ac14a06226930cf7db237a6ae9043e77640bce6bef54c8f40ebc,0.3793103448275862,0.2594594594594595,58,185
gemma-4-31b-it,55cb984026926429ce4a8d790541d248eed3580552b2a3c1281a4ee50b4fa4ba,0.36024844720496896,0.22093023255813954,161,86
gemma-4-31b-it,56dc5b0b97186ad62f9841318a704d5af1601b40445a25f308d172f60acb50e1,0.4112903225806452,0.31756756756756754,124,148
gemma-4-31b-it,5a17231de1cc64c2e9736f21b66e1ece7f5577d2125d7671f2205e61ffde9eb8,0.5892857142857143,0.5167464114832536,112,209
gemma-4-31b-it,5b6f6bcb478164dce6031ae17acefd9e9cc146a7cf6b59b861726302d5d0b78e,0.45,0.13709677419354838,20,124
gemma-4-31b-it,60fc6cd9b2f678a1600eb02a314422b16ea74d46599b9e96f05518a1de95587b,0.5531914893617021,0.3951612903225806,47,248
gemma-4-31b-it,63a4a0c41ae2cd5611f5df2030f331c52c7a3f31224c2b0ee676b91c1b5e5cb7,0.59,0.34558823529411764,200,136
gemma-4-31b-it,691531b48a1750ac56542c2b7b436f11eaab6ee13ee7c48b13c2d006a362d081,0.16666666666666666,0.17557251908396945,6,131
gemma-4-31b-it,6f90c62ff709531f94774510b7e6e755b3d07cf2e54109e2d46b1490bf94a725,0.15151515151515152,0.08,66,200
gemma-4-31b-it,72aa5250000f3d4cd1059f861971b28c49d1860615d8bc766e3381d8caf34251,0.08542713567839195,0.011363636363636364,199,88
gemma-4-31b-it,738becf16a16295a73455c7f39199093bf9b13e4683c5d65c05644a907714e22,0.45,0.27631578947368424,40,228
gemma-4-31b-it,73e6c4263c81441b0a9b0a01b4e8a314b58db325909ac1ebd28307296a3de82d,0.391304347826087,0.3597560975609756,23,164
gemma-4-31b-it,76ac6432abdb292ba71273a36a4b407bd05cb0c82860da7996bfa9c3cfd6bd6f,0.4945054945054945,0.3484848484848485,91,132
gemma-4-31b-it,79b3c24f0e81a4f3c4eb6c9c1a00ed5479ad6aa28aa09fbbf7ca6365367d19eb,0.3119266055045872,0.4,109,70
gemma-4-31b-it,819cc1e2baec096224b7e0e0873fa1ded9e529350866a80bad139fac0cd558e7,0.3,0.35365853658536583,30,82
gemma-4-31b-it,83297929cee1efc83d7c18f694b9eebfe66ab294000f52a3633bfd6d99464659,0.45454545454545453,0.2833333333333333,22,180
gemma-4-31b-it,85f5f57ebfba856273fa61c6bdb8a41b14c08ae3046fb667ec60ef4a1d2fb4d9,0.39436619718309857,0.2894736842105263,71,152
gemma-4-31b-it,8909d1c989687df5ea7f5bf1b618346cfa61d84a8abea831a326fc700fd80395,0.32142857142857145,0.27300613496932513,28,326
gemma-4-31b-it,8c6fcab6165ec7b58081dcf2f9b5aebc9c3379b912f37007e1ce9dad98bb01d5,0.03571428571428571,0.06201550387596899,28,129
gemma-4-31b-it,8d4d08f76aed6f0a9af32c436152f5c127a89cfe37647fc3ba0b9ecc72740a0e,0.6607142857142857,0.415929203539823,112,113
gemma-4-31b-it,8e290a007508f3debeb0730bf4f1958ab41a8d42633ecca9792a852d8ccab709,0.3333333333333333,0.24271844660194175,15,206
gemma-4-31b-it,9491c84b3a3dea9669291da18097f225ed3573414e5ce6f4f535a6427a110301,0.23076923076923078,0.34057971014492755,52,138
gemma-4-31b-it,95c9c81ecd49ea0e8e0adfe60558a797c0f92a163550257d91e8b07c1919bc91,0.043478260869565216,0.1206896551724138,207,58
gemma-4-31b-it,9b18a32d62855c780a87b7a6f8307d6951a2432878f75087cc335f1cc9f8909d,0.256,0.09523809523809523,125,126
gemma-4-31b-it,9c641a2d729fd1b8c0026152087070fa64ab4d516f22755a74c7d8411a2736bc,0.35714285714285715,0.2119815668202765,42,217
gemma-4-31b-it,a42eb5ddfacd423a6e67bdd0d6fa2245e2630fbe065cc4b13f92fae979532df8,0.3924050632911392,0.2573099415204678,79,171
gemma-4-31b-it,af3e3703669e449c4a1e9e59b09241bd6ce5d89f9024cb4656d900209b7c98b8,0.12987012987012986,0.10714285714285714,77,224
gemma-4-31b-it,b116d0a1b6cd2a2daa896aebbc562a9940bcbf0dfb0a03335112cb08242ca377,0.36054421768707484,0.2857142857142857,147,14
gemma-4-31b-it,b2fc5ffe73f172290cb85525bb53e8e7b13978d794b4aefdd6a650b6a2523410,0.08163265306122448,0.0670391061452514,49,179
gemma-4-31b-it,b6202e3586c2db593ed348b9c03203b6834187e6659d15d66227890597b0cb63,0.10344827586206896,0.07947019867549669,29,151
gemma-4-31b-it,c1e2e9526b9597a32c0a546d6686745a8dcf99c6fb8c53604c6cb09f0dee8586,0.0989010989010989,0.06040268456375839,91,149
gemma-4-31b-it,c7c3e2d87a28c42384210091f1dacb2a229245206f1a0d3388db2293e25fe85b,0.2857142857142857,0.27722772277227725,28,101
gemma-4-31b-it,ccc3611cdb7e0f2d10e565e702e34edada81b76cbfb6746e01199af8db7bd2a3,0.7916666666666666,0.797752808988764,24,89
gemma-4-31b-it,da041bc6fae7a6cc1adbcc4be5eb5268f73252353d321eac490d14219fdfeda9,0.17391304347826086,0.16883116883116883,69,231
gemma-4-31b-it,e164c9fc221f5549732164926f9ef2a34aab360a24fbe1fac2110c2cecb809f0,0.3448275862068966,0.1415929203539823,116,113
gemma-4-31b-it,e71c36cb8942288ef2d2138d4cdfeb13a6c0a5db078da959c84458d5da7041fc,0.25,0.29473684210526313,12,95
gemma-4-31b-it,eaf4f602ee12a8cba44e4af9c1c73b4232baaced8dbdb984aaa173a60dea1975,0.6,0.22077922077922077,10,154
gemma-4-31b-it,efdaf36a9247a9e700dac739e5fb7ee9216b018d44ea4f2cbc11237c4ac64b11,0.18181818181818182,0.17424242424242425,44,132
gemma-4-31b-it,f29e257334f879219851dc99fbe8929ce662e18a9bed40a9553ac4300a05a229,0.2777777777777778,0.15702479338842976,72,121
gemma-4-31b-it,f47597ea04ee5ba53829ab97548fd0388000fa6e6ff63b2172140fffbfe714a8,0.4583333333333333,0.3333333333333333,120,111
gemma-4-31b-it,f5fc7be053c0cc7cee9b4793505eeca535cb5154b2cd899cc6af848f20b16c73,0.5819672131147541,0.3723404255319149,122,94
gemma-4-31b-it,f63fc593f8d6ebbf90aba9fb6f72b091ed9add9304528874efb91c80a2ca6d1b,0.3541666666666667,0.20398009950248755,96,201
gemma-4-31b-it,f751411534df6e68e1ff9f677a9b520f5bcbd1efcddf4241a261e6a20c7a888d,0.008547008547008548,0.0,117,86
gemma-4-31b-it,fb124bf5a401be89c223234eecbff8cd899fd4b36108b1adf51f862c718b619c,0.6265060240963856,0.4180790960451977,83,177
gemma-4-31b-it,fbcdbc7426d543ddd6fdd65ba526bdc84ad318fc3b97e4eeb38b689efe16c28e,0.5483870967741935,0.330188679245283,62,106
gemma-4-31b-it,fd2a8a0285b29cd378c6d285586322d6b8c44070257de8c82f8d545bf5f34dba,0.8695652173913043,0.8947368421052632,23,76
gemma-4-31b-it,ff854d1421448787c68c3693c889ec5ac5d1bebce94442d70fa2ae416e54cdff,0.32142857142857145,0.25301204819277107,252,83
glm-4.7-flash,007af9e13451a3dc0ad41554d420d15729aec5ac4e2c7f9c602841fb2b2af76a,0.0,0.21052631578947367,9,38
glm-4.7-flash,009cab8d8ee8cd84678fe0391eafff51a8592b8a75c651ed3f29c8393605715c,0.5813953488372093,0.5070422535211268,301,142
glm-4.7-flash,021c663ef67d39834a5924a92b33594386f595155aef014fe4c88355849c3d6d,0.2719298245614035,0.5,114,36
glm-4.7-flash,05e8b723f7ac07382910a014e2d3f7a3c5e8bee44211511a158da125c7794fc7,0.23076923076923078,0.2,65,85
glm-4.7-flash,0776ce0ea835da2281c6f4df2280eea0fe3fdbf1fbbd7bee126a87d82eebd885,0.1452991452991453,0.11666666666666667,117,60
glm-4.7-flash,094757b64dfefa987c316ff904fcfad036356b5c47d0fd1dae43ecc652408937,0.4,0.23225806451612904,55,155
glm-4.7-flash,0b01fc68368eb243316b9c561190d6fced77057ec62e1376e8047b9f47006aaa,0.5957446808510638,0.5462555066079295,47,227
glm-4.7-flash,0b515ef8dfc2d07559388b3433c8466dc06ce074cfe06b913d58255cccf4ceff,0.23333333333333334,0.2717391304347826,30,92
glm-4.7-flash,0b5a1f396eecd13636044ab491984fdfb254465f8fdcd0146a725ff5bd987576,0.4791666666666667,0.3322884012539185,48,319
glm-4.7-flash,0bc3b0aae08da273a96feaf6f875cf38dd64206d99009562cfa65cdfa1ba9e14,0.3511111111111111,0.2716049382716049,225,81
glm-4.7-flash,10d16d1035218fa1888612333473588066552f0e5786f5c3c4aebc51174d6228,0.5882352941176471,0.7142857142857143,34,49
glm-4.7-flash,118356764ff8814af26e0a796dc37ed0834270346623b32d872ff253a56ef83d,0.4146341463414634,0.2,41,50
glm-4.7-flash,1466d4cce58cf59181cbb3bf928f34db8a02d6aa27a2fe5d391ff0a399eade2c,0.2926829268292683,0.3170731707317073,41,41
glm-4.7-flash,14a9b7522b4cb2610599acb324459642a60f0dae90a3b4419b89c1bca9e7b611,0.4411764705882353,0.23943661971830985,34,71
glm-4.7-flash,168756db524f831b277f4bec029aad978f50b98fce02f7917b365afd190c8ac3,0.3194444444444444,0.368,144,125
glm-4.7-flash,16c1ebefd8ac68a88bffa93ee5739adf0e32824e84568839357476aa6e2104b4,0.5,0.4166666666666667,8,36
glm-4.7-flash,1791b5666d38dfa0b4929aab09d8329438bf086abd4c6f71c017c4a8536c8135,0.35714285714285715,0.38095238095238093,14,42
glm-4.7-flash,1820b90c15f1fb29e10fa4e167b572e068bf58538b7e136f8f7f2f53f980173c,0.36363636363636365,0.2604166666666667,66,96
glm-4.7-flash,1ad07400b2dad6ab74fb94a1e9aa3286d662753f691ea8b4ea007f608768e068,0.46153846153846156,0.5526315789473685,13,38
glm-4.7-flash,1bbc1062230223ab05c0b7d99013c8209df442c32d5811380c62ad52f3428591,0.37662337662337664,0.4444444444444444,77,81
glm-4.7-flash,1c8db804d7c7a8df06d94e3b7f51205dd6193e95aa253e4a65f52c88277ee0a2,0.25806451612903225,0.2962962962962963,31,27
glm-4.7-flash,1d86c8b0ee5e0f1e39805124213d476d7973156e22d224fd55720bb7014efd75,0.4642857142857143,0.4835164835164835,140,182
glm-4.7-flash,1eb610e35a9050ab0d44ec038d5227aca0f8124f4ba219eeea3406a2ec626daf,0.5121951219512195,0.4155844155844156,123,77
glm-4.7-flash,1f1d1ab36785ddf2aba9420c7c6bc14e3f59f7abee2ece61fb6024f30fc36b61,0.9166666666666666,0.76,12,50
glm-4.7-flash,20dc2da23790f9c08879d97ba58ceba663f796534a9c74870cb812f2b407f24c,0.5384615384615384,0.43119266055045874,39,109
glm-4.7-flash,21a0949470ff49e5359f919ef1165a35323ff0fe2e011b2aa4dd18029a2018d8,0.34210526315789475,0.3607305936073059,38,219
glm-4.7-flash,26020ff46f6067196f17030f225e032c20632f0d5d37caf8f980e3b91667836a,0.36363636363636365,0.5833333333333334,11,48
glm-4.7-flash,28230232e6648f24ffe20fb796feac7f198b75d18a39ea69014e085c407aa3a2,0.0625,0.07692307692307693,16,39
glm-4.7-flash,286230e63d9e72c1dd13e7c9bd63fd7bf0a329e40ed28188ec1d6e296339a838,0.5833333333333334,0.5,12,34
glm-4.7-flash,2a2bec12489ddc66de996da99298a8d9caeec523764170fdc2ef1bd29bedb17a,0.6818181818181818,0.5802469135802469,22,81
glm-4.7-flash,2aa3b0e97a23d6151e5c66deb5b4875724ccf5c4f250050890b2eaaa7ff3d01a,0.49034749034749037,0.45403899721448465,259,359
glm-4.7-flash,2b0bb813ccc85be002ad035be0469a9f4bb2541e47319d877eade7a2cce4a553,0.058823529411764705,0.23809523809523808,17,21
glm-4.7-flash,2b5c1412cd0c7cf86f45b89c848bf2c91b58cf1e5aaf5f2ffa8e42649df9e158,0.11764705882352941,0.15789473684210525,17,38
glm-4.7-flash,2c66d5fae107fbfa69d02bda936336b3fe1d77e26295cacd2ccefdd552b09407,0.0625,0.35135135135135137,16,37
glm-4.7-flash,2fc36d78f4d7ec7f5025474c898a91ae5d3b0b7583a1da6bfaff49e0fb2b9dcb,0.5389755011135857,0.5376344086021505,449,93
glm-4.7-flash,307d087ba43e15684262887f3c1aeb81a9b7577e8941ceefdf330c85b04e415c,0.35384615384615387,0.4124293785310734,65,177
glm-4.7-flash,3283baaaeb941768f508912d36a41261a9d84abe6afea8e13dbd6a851b45c759,0.30434782608695654,0.10344827586206896,23,29
glm-4.7-flash,33d7aa0cb4a2be835dd484060ad5ebad4d371ec7f1bc6b098a6c32b93bf3f026,0.3248407643312102,0.3577981651376147,157,218
glm-4.7-flash,359cff442f436934632dbdee6ae6fec7f1870a98f89bcb1f32d2b9df8ea4eee4,0.44805194805194803,0.34782608695652173,154,138
glm-4.7-flash,36831e560304a916113388e55b8fde9ae772c84d009b3b62c005370854151f9f,0.5611814345991561,0.56,237,75
glm-4.7-flash,379faaf94d068c9a70750e7a874255163ba4560d279e6c798cf4c276eed8cee1,0.6923076923076923,0.32517482517482516,13,286
glm-4.7-flash,3bafd715e4b0de7e4e9e6ffb0610d820c3e95cae54d49a3e7a7d181e801b180a,0.17777777777777778,0.23880597014925373,45,67
glm-4.7-flash,42e31b61f50fafc018004e899086d726e10f17510d64af171c4c9f48490ad08a,0.4716981132075472,0.3980263157894737,53,304
glm-4.7-flash,4360b056c4fc7a2f5dc1504f96ee904938d476570e0b3344dabf1405a5f35b88,0.2985781990521327,0.22018348623853212,211,109
glm-4.7-flash,4832f6608e50ef415dbca3b9f98755a7b07f25a793e3e9a6a9ad202846d4b6ac,0.5645161290322581,0.45454545454545453,62,22
glm-4.7-flash,4b818a1d0d28d2f296e2ee401ef3cabb56c6bb7831fd0e2a3260b91a8a1bf61e,0.275,0.2976190476190476,120,168
glm-4.7-flash,4ccce22195c7223e39943f94df1c893a1aaf271b0ebf3c336c35d5d0a5cc099c,0.32,0.2653061224489796,75,49
glm-4.7-flash,501a7d44b89c049942505d8789cecb3c158901e24cfe09690bd6fa135a501066,0.423728813559322,0.29069767441860467,59,86
glm-4.7-flash,51563f956eb9e75bcf6ffec7809bce94dfc038a6aceb79240ea025ad0dd825fe,0.41,0.3953488372093023,200,43
glm-4.7-flash,5359cb94f325cf6ecb0a1dbb9cb45056be63c4e6b7fdb6aa5219eb23bf9cbe61,0.29896907216494845,0.34782608695652173,194,23
glm-4.7-flash,57496d07e0f94950d9100df79f830d9c5f2b0f150939b0a70caeea797765c397,0.3484848484848485,0.5,66,8
glm-4.7-flash,59e56862785c3d6bfd45af63b8ce099661b5ddb3bc6491d8f3083afe69cbc8d6,0.6,0.35714285714285715,15,14
glm-4.7-flash,5b83a2acd94d5d12776c3f8a3d780f92e34139e6b8caa72b44ba3df0d86d5fad,0.29411764705882354,0.3888888888888889,17,18
glm-4.7-flash,5f494632162108bf04da608cc93a138e898701f465d6d94978e74b299386712c,0.4927536231884058,0.5217391304347826,69,276
glm-4.7-flash,61cd0ef603f492b4e875ff18071d55780388ce376a6d39cc58c9b014c54ec3d1,0.3888888888888889,0.40425531914893614,18,47
glm-4.7-flash,61e9fd244cf3e294ea22a17fb852f8620a40abab8dab807a50a6193371f8090e,0.27586206896551724,0.33116883116883117,87,154
glm-4.7-flash,6a16233d73023a373965038ddfd9a7c8400af04b0394f2dac4419bc41947c909,0.29292929292929293,0.29545454545454547,297,352
glm-4.7-flash,6cb3e5bb803018a15c2028631050305565c74b4ff4eceb9ec18ee36d1137e529,0.1,0.13333333333333333,20,30
glm-4.7-flash,6cffa262662ec0637e05df28837de84049dba54274ffbd437a1e172589c869df,0.47368421052631576,0.2647058823529412,19,102
glm-4.7-flash,6e1ca271cd2420e503cc7795d93a822d963c99788e6d823631063d682fe00c90,0.4823529411764706,0.4666666666666667,85,165
glm-4.7-flash,6e67e65a674138e7473e9eaec9c24ab4a5e0aad8fcfe34005201a07ae2a0a167,0.3181818181818182,0.3333333333333333,22,36
glm-4.7-flash,6fa7ce6cb4b0e67115ee234836219277d68d5f49636962c37a1e5b4b50e3febc,0.08108108108108109,0.07894736842105263,37,76
glm-4.7-flash,73450eb456f491b62dc63beefdf67f3898fd7a5a7abe1dbb0c3a20fb2cc8224c,0.36923076923076925,0.2222222222222222,65,207
glm-4.7-flash,7373a138bb3f86d945650ee0a69ac422e845f89985263ebcb87ccb7c987ab6a6,0.5368421052631579,0.46788990825688076,95,109
glm-4.7-flash,742f702ab1cb91bd8994f42b168f260fb4f25826c0ea812f03f6fbc802dae64e,0.35294117647058826,0.25757575757575757,17,132
glm-4.7-flash,74926859d1b7eb0e7cb6e07fbe873b72306b0488cf632a9a97699a064e06c951,0.38235294117647056,0.38961038961038963,34,77
glm-4.7-flash,751c30e68f202d671ba116507134f2f27b25822392486c36b111ee9c9e7db232,0.16666666666666666,0.3076923076923077,66,78
glm-4.7-flash,75839765f4c227068f0b1d89cbb15b59791db7348344d33258a266ec71832dc7,0.5616438356164384,0.4098360655737705,73,61
glm-4.7-flash,7592260487d6f9cd04f81c45106c55307e4407267885c175ef75fb5c81c3d1c4,0.28205128205128205,0.36942675159235666,39,157
glm-4.7-flash,76f174726bf56b12d85cda8e1511e5eaa9198b26532360ce20fd92a16b08b239,0.41509433962264153,0.2777777777777778,53,54
glm-4.7-flash,779273f5a384c7f40babfe5c0888e6477d8b5e8330f156be491e99fc7065e1ab,0.2222222222222222,0.2014388489208633,36,139
glm-4.7-flash,79393d9abcf4205932effabf3c12e683b2d326214ae4134be4d1eab004a2d7cd,0.8076923076923077,0.6046511627906976,26,43
glm-4.7-flash,7b4d246d6180bc8067f1f92139c10c1fa714a69317f61d4a707b9c362ba22c62,0.28205128205128205,0.3,78,180
glm-4.7-flash,848b85778af52c7c41477c042d5ca3d733d93683f9d819c824201049b25dc4de,0.4418604651162791,0.3050847457627119,43,118
glm-4.7-flash,85f1d92febaf4866a6729716a4fb13eb342bbb7720921ba77868cb61d022cd84,0.2222222222222222,0.2542372881355932,27,59
glm-4.7-flash,8ee332502507b2ea2ab7c76b8592ae583510c61b32a7588c0416957a59c6295a,0.3333333333333333,0.32075471698113206,9,53
glm-4.7-flash,8f7139537a53d14297e330e03e0857d3a32ab22d0fdb8d37b7a92849d04edc29,0.14285714285714285,0.3870967741935484,7,93
glm-4.7-flash,8fe36c09eeac9ffb6eb19c6fb34f9d57e2b8209ca135e9af3f1c0528d1ca61a9,0.23529411764705882,0.3448275862068966,17,29
glm-4.7-flash,91352b2bd6d1d7760cddc7ac725aa3a22ba917a51f278d91e62d56f5fc773f6c,0.375,0.2653061224489796,8,49
glm-4.7-flash,9168cd942728510904a02deadcd8724e1b05000123846bf0ea1f58f9933cc6b2,0.42857142857142855,0.6635514018691588,14,107
glm-4.7-flash,920e3bdd25392d30f25583e0461dd8083fe64e47e8f1f868b09973b0a87044f0,0.48717948717948717,0.5,117,76
glm-4.7-flash,92e54f1e44584ad4cd53ecbb2a401ea5fa52e0ffd36cd33b6c9c0ae1e571b1dc,0.13978494623655913,0.045454545454545456,93,22
glm-4.7-flash,93270b3e3c9f270cb9eaf3ef9e96519a94c67157e0432a800f038338d1141af2,0.3950617283950617,0.3333333333333333,243,111
glm-4.7-flash,94edcf7e26d267fecfa56053026eae466e6c944a7842862816267229f56749ca,0.05,0.21505376344086022,20,93
glm-4.7-flash,99b0e2c9e0afcff644f642a7555183ce87728fb60d1c405b13d99159d0db9aa9,0.4,0.36363636363636365,10,22
glm-4.7-flash,9afa8c0553e074dbb7b429e551242f325b82b7ab58f3dd31f7fd817236aa3abb,0.4074074074074074,0.34615384615384615,27,52
glm-4.7-flash,a4245708a05802146ab3eaf378cc414451b48a91398758077eaecd6c630f3acf,0.5555555555555556,0.45652173913043476,27,46
glm-4.7-flash,a46b6a7d67f5cca07326de561c7f3dfad072ce2cddef216f28dfbe96045e56ac,0.34615384615384615,0.3,26,90
glm-4.7-flash,a508fb43c687a104a2a623cdadf032fbb1e04c6150d3865f7b8f3b6c4faf2dc4,0.2558139534883721,0.2,946,5
glm-4.7-flash,a5a6a9a1da91c0217b8eac4853e5248db94976099d205e3a56eda31af7523749,0.20689655172413793,0.49333333333333335,29,75
glm-4.7-flash,a754faffac40125ac967f7e832d1ac66dcdcf918111b41611e206f63ee550a14,0.3723404255319149,0.35403726708074534,94,322
glm-4.7-flash,aa61c9cee15ef0dabfcafe74e16c7ab5abc04d42ebe62573cfa9bb615e0fa550,0.2875,0.34545454545454546,80,165
glm-4.7-flash,ad123216bbb987880df30364a3def58e50c305ba585042fa2f34418e15ed1180,0.4642857142857143,0.45454545454545453,56,154
glm-4.7-flash,ad742c8e9dc9dd77e446a01a065bcd5059f5b1aa6384b8f02720b5155f0f83f6,0.21518987341772153,0.13636363636363635,79,66
glm-4.7-flash,b8ef975e1bd41c5f5c3a87947902eb30c7088aada65cb597838a7058d65824c6,0.2727272727272727,0.2,22,10
glm-4.7-flash,baa1890f0f8a3ec0863dcf2c0bfa732d3d4da1a1dadb473007de6fb40fcaa4d5,0.4411764705882353,0.33548387096774196,68,155
glm-4.7-flash,bab68997abb7b1315f8128cb437cd3e74f94f6f236ed64a79c5b1f79f7981726,0.8706896551724138,0.6865671641791045,116,134
glm-4.7-flash,bd7769ef16c36131ce00ff26d8fb93968ef29bb14ac16d3eebbb9ba188574ccc,0.3191489361702128,0.19402985074626866,94,134
glm-4.7-flash,bea7ac8ec0967283e16d4b1428fcba5a94b05113c2d1330b8f569804e9e94e81,0.4375,0.21739130434782608,32,138
glm-4.7-flash,bf0f6d0b3b718c8d689df93237c64fdbfd20c9dee9251d69cb86d3a25c0785d1,0.27906976744186046,0.38095238095238093,43,42
glm-4.7-flash,c140ff20211d7a33f7a08892892b6bcdbae9e4b9dcdc7ab7ae7a9a10e72aa560,0.25806451612903225,0.32653061224489793,124,98
glm-4.7-flash,c205055a82c57efe737ddff486bb36eea3acca84bffdce9d45f184d4608cccbb,0.3125,0.23333333333333334,32,30
glm-4.7-flash,c2dc4fc771ee7b2567be90452ab776116796d02e99809789a0ba74ee1f0201bb,0.3815789473684211,0.27710843373493976,152,249
glm-4.7-flash,c37874945d095004de3e135a7755fcfc78316b5e287ac9cdc9f8ce23cc59fcff,0.4782608695652174,0.5384615384615384,23,39
glm-4.7-flash,c64892da6999e18e2696d74c917ee8f86d915cc5418130a028c6563c15129246,0.4074074074074074,0.3939393939393939,27,33
glm-4.7-flash,c6aa5864354e82084e773c195022f9a5b996cfa613eb31214b9248000f6dd295,0.38461538461538464,0.3333333333333333,26,30
glm-4.7-flash,c6d5dc16f3d6b8fdf85b6df84c441d228f77f75155fd094dc884f672acb85935,0.47,0.30158730158730157,100,63
glm-4.7-flash,c777baecbb42ab80b8090ca3ad62c6edf9dbc41fd205ff8885637aaee90e06d1,0.371900826446281,0.27439024390243905,121,164
glm-4.7-flash,c8fdd1c758506b66ca9174c1d9788425c1a58803ee36346e742e0fac64d7b9ba,0.1111111111111111,0.4117647058823529,9,17
glm-4.7-flash,cb92988e7abe7928cab0639a3c92bdb5c3d40d742208b93b24427fc3225c5279,0.1864406779661017,0.0,177,10
glm-4.7-flash,cc0f21aef8b915c4c9a7b6bc0788c31df424db916d6470daec85488bcb55f5df,0.47191011235955055,0.3684210526315789,89,133
glm-4.7-flash,cc88411760adf26468ebd49ea567a100dec6e5a6adffffd800b45248fc059a0e,0.918918918918919,0.8,111,30
glm-4.7-flash,ccfe2994f69f6714a1d02c00702d3f8b73114607e1a444e80f91854d8e09745b,0.46938775510204084,0.42857142857142855,49,14
glm-4.7-flash,cdde01a5833ee98287eb509d7af4b9e02b6fa1ea1208ae602bb7a64fec59809b,0.33066666666666666,0.26666666666666666,375,135
glm-4.7-flash,d0fe72a24db0bab3f395e07dd290f85dc29c947d18a48246479497c613764226,0.22727272727272727,0.5294117647058824,22,34
glm-4.7-flash,d272956d0dda7105288ef1956aac1634531424d6ddec1a98309a7ef4b447f3d0,0.7083333333333334,0.5333333333333333,24,150
glm-4.7-flash,d51f1865121af630b9ff435319623a95be1a6a829e108c0e26ffb222f8bc440b,0.2483221476510067,0.16666666666666666,149,180
glm-4.7-flash,d6ac27c2e32e3cd8f6fe36f79aea1faa66c690e0f44cbfadf570c95e478e7db9,0.47058823529411764,0.5151515151515151,17,33
glm-4.7-flash,d8228ed2c40ccf4bedea1ae709c112760f9bbdaba2350ef7aac8e89869fcb2b9,0.25,0.14594594594594595,24,185
glm-4.7-flash,d977d9afafeaac901b5db5a0e63be540855e83623217f8583a2ef67bd87cc646,1.0,0.9636363636363636,38,55
glm-4.7-flash,de8f5db17e20ac7312441fe1aebaff9d1a294cccc9bf86644d12bfa216eefb6c,0.36551724137931035,0.3048128342245989,145,187
glm-4.7-flash,df6b1577bd0ecf9ff12e4ea93100695860425c9f4655060cf06b91433695d26f,0.35294117647058826,0.33774834437086093,187,151
glm-4.7-flash,df882243712ba468484104f295da9dcd56c2465027003283c4462d030c834c85,0.18181818181818182,0.3111111111111111,22,45
glm-4.7-flash,e0197da839568906d6f2a00055ee26b28b54fea26a4b019211d6e6db79c05994,0.21875,0.23333333333333334,64,120
glm-4.7-flash,e02572e1ae6d8d3c9536bdd1261efafbecea6c22bb657899a1d6ebddd8838bbd,0.4146341463414634,0.21782178217821782,41,101
glm-4.7-flash,e07fea2f4b091074340d5322c5eeb52fa443eb09ff1f53740a1267b885b33400,0.5,0.44,28,50
glm-4.7-flash,e0c99f8bf081706762e48d239bc5c4630fc0916671f8b4bbb16a5caeaadc56ff,0.14285714285714285,0.1836734693877551,28,49
glm-4.7-flash,e39922c1465daa93db5f0cd977009d6bd93bef9271f5a7dce75b9b092ee4f025,0.44144144144144143,0.3548387096774194,111,93
glm-4.7-flash,e48537ceb9aa459ad6d9aa0db3f8905548be7e80f992e63c947fc88ded72c871,0.358695652173913,0.36538461538461536,92,104
glm-4.7-flash,e6ae6ff6476d9e84235f707aa869368f97e5d18894e878afd9836c2e4fd51909,0.2631578947368421,0.2872340425531915,19,94
glm-4.7-flash,e86d2fcad549d52cd9942fb32c1e4effa83af500b217ce96ae0f25ea9c98975d,0.29310344827586204,0.2,116,20
glm-4.7-flash,e8fd4118ca360a1986cbc1dc1b51cfb49e3fdb235d555945a109826ee8ec546d,0.3004694835680751,0.29545454545454547,213,44
glm-4.7-flash,ea651021aa2034d9e5d1dbbb5fb52aeba661fbaf86637a70f9b91ff946952f3c,0.6428571428571429,0.6129032258064516,14,31
glm-4.7-flash,ec0b9449699bf7ecbae4407843cd87e7b9cb12ffb4744edef481b55e47af3182,0.5454545454545454,0.48201438848920863,33,139
glm-4.7-flash,eda4c836c75380ed49ea9cc29771d9cd354855600f164513d2ec79336a207086,0.36363636363636365,0.5042735042735043,22,117
glm-4.7-flash,ee48b707875b5b193dbe26d188d462a7e28c12d6af2a07905103cc4574526e12,0.75,0.463768115942029,32,69
glm-4.7-flash,eeab997f191be48dfe1c194b097d638f07ea993d6bd7215d8c8bbd4ba778b3e6,0.21755027422303475,0.08888888888888889,547,45
glm-4.7-flash,efa07c99a0a45fa76bcc4b245a153ac3aed05864cefb6762a1e91b318a1ab19a,0.33707865168539325,0.2986666666666667,89,375
glm-4.7-flash,f0fa6f84acd96a810ff8f49628fbe6dc6faa3586fd0457e450b13e9b90561681,0.4044943820224719,0.5428571428571428,267,35
glm-4.7-flash,f138919245cb386cca5639b25c83b301f119c4b78c9fe34d9f362117dc17ae24,0.10909090909090909,0.08823529411764706,55,34
glm-4.7-flash,f2d74c7838db16db07d217d99812bee671d171fa4a07af64455f5336c49b6022,0.5882352941176471,0.4067796610169492,17,59
glm-4.7-flash,f33f38954083f80ae62d8f50ce4f1cd75beefd59455c7180cc3740e7c1229ab2,0.24475524475524477,0.3684210526315789,143,76
glm-4.7-flash,f47e2ccb957cf80c6a80f617d52c6e6774bb7f0581c3c416443290ae9b63207a,0.398989898989899,0.4492753623188406,198,69
glm-4.7-flash,f4b8318fb88b5fe16cd21164d64159ae00370d46bc6a1f200afc37c4d24a8907,0.8076923076923077,0.8421052631578947,26,19
glm-4.7-flash,f5eff48fe899f017c78b01916eaa8b76e033935f7633a0ef69394571c389642c,0.3016393442622951,0.19339622641509435,305,212
glm-4.7-flash,f66d2f965a9abed82eef1dd65edba2a9d86281a646fa04833290fce24d4460c6,0.5098039215686274,0.42424242424242425,51,33
glm-4.7-flash,f6c1fd35da2530320175b61d9fccbf27c074a6caf225e019b00ea460ecb8304e,0.29259259259259257,0.3708791208791209,270,364
glm-4.7-flash,f8730a9f89eb49b7c1cfdc6d476e8d68ec67bc15b15d9da7b3fdae93d6814f27,0.5636363636363636,0.5267175572519084,55,131
glm-4.7-flash,f95bb5a851a26994ca4e68593e2e8ea1327706a7b861331eeea3bf3279195d1a,0.4473684210526316,0.3918918918918919,38,74
glm-4.7-flash,f9d655f986ea602d6da2eb9493c95410c9dc9dddffb5c8b89596d32fbf4bc249,0.2054794520547945,0.16101694915254236,73,118
glm-4.7-flash,faf4a15864f40d90ddab6a0b9016f0458ae1ae4a44d1742f73b1c43ac28d52a6,0.40869565217391307,0.32599118942731276,230,227
glm-4.7-flash,fb149d42a1b8acd416da4f5dcd5fa160bafb9a036084b9c051128423a736434d,0.3076923076923077,0.2876712328767123,65,73
gpt-oss-20b,0024b365d5ea1374d265690f32f22e8f14b626e30d15020215bfb1c38e26a97e,0.2641509433962264,0.2558139534883721,106,43
gpt-oss-20b,01ab17f0fc389cd28475411bc9b52fc24cbfb2f6bef79894008248b138c03ab0,0.5862068965517241,0.5806451612903226,29,31
gpt-oss-20b,01ee87246cc9b362311e251f5eb877f3bee90aee73689d91e1c608e52de66703,0.42990654205607476,0.29411764705882354,107,17
gpt-oss-20b,02b934286a66b738d47694f4e23caf6c8753befc9a6d5e5be5ccfb18cd7cbdc0,0.05263157894736842,0.0,19,17
gpt-oss-20b,0c2dfbe1212233d4c00064b0bf4270325419ffa9a2360fefe34e30aa666a2edf,0.17708333333333334,0.3793103448275862,96,87
gpt-oss-20b,0d3fc8b55643fde0094d3e401edea33d1386c4173ec519a702906990425e2433,1.0,0.9166666666666666,6,24
gpt-oss-20b,0eee096708a6d6d48a0d11e6dcf59aa5b1e10889303452e251bf2b8ee2adda16,0.3116883116883117,0.20238095238095238,77,84
gpt-oss-20b,12115ee07ba92549d68649825b6dd7aa734dc55c71b2802d15075036b7820b74,0.5128205128205128,0.47619047619047616,195,21
gpt-oss-20b,141678a05a3407cb3561912a013514b4e186d8d2ffc85f7dcee7fe19605dfbeb,0.5833333333333334,0.6153846153846154,24,26
gpt-oss-20b,19d36ab946da7c632aa72b2bb1906893b00883e188941b88bee3354d89d969fc,0.5454545454545454,0.4375,11,16
gpt-oss-20b,20065f7d6148965723c6a978ce91a53b9509dadefd7cae672bf256f8c8df052f,0.3958333333333333,0.45454545454545453,48,11
gpt-oss-20b,21f30cc5bc7bc91866f8aefa4f9a62674f71825c5917ad910cb0e55118cc01d2,0.25,0.4166666666666667,8,24
gpt-oss-20b,23e00a30d05deef2e70125ae783d972e1e9202bb97848e2a3412ef9880d037e2,0.5,0.5142857142857142,6,35
gpt-oss-20b,26147f42c68f1fe01382789fe26bf6c84dd585b163a5fa28cd5d81ebe681995f,0.9047619047619048,0.5625,21,16
gpt-oss-20b,2705f9d617c242bd3ebc3ba8bb586771d23eb22ce1d4637478495cbdc1b9fc64,0.5555555555555556,0.3333333333333333,9,123
gpt-oss-20b,277f0530c44c484da7b89f1c8ead74080caa3c19e3c5b26a9e458338c819204d,0.42424242424242425,0.16666666666666666,33,6
gpt-oss-20b,27ba4b9cc54c0096c11b22846834ccca3c715ad992a284ec578becf5ca24e4ad,0.5277777777777778,0.4803921568627451,36,102
gpt-oss-20b,28acd02fb032ad09303be7c62a78e3c933c5a74310f7cecc858266547893eb92,0.30158730158730157,0.3333333333333333,63,9
gpt-oss-20b,29a5b7278de3e4bd08955301dbd43fc85cd7d32d165d1f3bb86eb4c186b33435,0.5,0.07692307692307693,6,13
gpt-oss-20b,2eb138eefa10ec364c88bed46204543d7dd24b59b31b454a2070b4471a978a56,0.3333333333333333,0.31666666666666665,15,60
gpt-oss-20b,34cb71f44e5694f1f17d37f9e1d5a256f1160f19c2881538b23b67fe3c7db2f7,0.75,0.44,8,50
gpt-oss-20b,352a6ea1fc3a9035e3d2e6c4c0e889028d6f4ee47587e746bcd3b60d8707c206,0.553030303030303,0.08695652173913043,132,23
gpt-oss-20b,37345403c93d22a0ac2788ef611cda9539061e4e9dd8488c18f1a6935e47d238,0.3939393939393939,0.6923076923076923,33,13
gpt-oss-20b,37b14114a333c246d27a57e5eeb2aecf18be078e7a97dd03e4432186dbdf0016,0.5263157894736842,0.2222222222222222,38,9
gpt-oss-20b,37ecb12c2bbecca2c6e5696009874e2b93074e206323b2510ed393a15053e386,0.3142857142857143,0.2727272727272727,35,22
gpt-oss-20b,388a16d549e458ed62bd2c7a709150ccb89eddfa0ac5a9a87fa614f24689ee32,0.45,0.3,20,10
gpt-oss-20b,39b121b93bd51cf97b7a2ab1fd8a781b922fe8250d7b6ba3780fdfb838b8a906,0.47619047619047616,0.2727272727272727,21,11
gpt-oss-20b,3c88f70ec2ae4840fa1032751585e7ce5e1102500e63187b9e3a146f17139432,0.3089430894308943,0.16666666666666666,123,24
gpt-oss-20b,478cf573bc7a05f0dfb739593ead991ecc127c437fa70756e57b3daa3eafc30e,0.4444444444444444,0.14285714285714285,54,7
gpt-oss-20b,51b9014076deda60ebba05eb6f8a6fa5ce423849c2410ae8ddb9d9b01bea45bb,0.6785714285714286,0.30303030303030304,28,33
gpt-oss-20b,531322c787ee3a565e6655cd62e82dafed018e0d9d44ab1f79ec9f5a29e1fdd9,0.4772727272727273,0.16666666666666666,44,12
gpt-oss-20b,535040321b7a8a148b74737f2a1ea85ef7976ef02f4f4b8be3f2689b207953d5,0.6,0.25,80,28
gpt-oss-20b,565c3d5662fd41d3c85ecb57cf263ebdcc2278e26ebbfed6cdb3eaf5c11d21f5,0.21518987341772153,0.07142857142857142,79,14
gpt-oss-20b,5a79eb90eecc9650546d540549053ef9dac6632051d23047c9d53c3b9446501c,0.5172413793103449,0.5833333333333334,29,12
gpt-oss-20b,5ed6f015438981f1515f0c3c9b3dd53fa6ec85cd221fe2b691d8ed8bb67ee982,0.3,0.3170731707317073,10,41
gpt-oss-20b,61656f522b3abe3a96e96d67d5ab685e0103c48a7e78a94c2088d1444d311be5,0.3684210526315789,0.17777777777777778,19,45
gpt-oss-20b,619474333135ea654aa2aa39420f878661e2a102929a03e581d99444d8162271,0.42528735632183906,0.625,87,8
gpt-oss-20b,6718c1abf4415282a5b07b19865dd9e7968c6eb51ff68277f308a37b843ea452,0.46621621621621623,0.4186046511627907,148,43
gpt-oss-20b,67c6940de80beec27f7afa11e397ca1da2ce44f10ca84ad363fe5709db6f364f,0.6022727272727273,0.3611111111111111,88,36
gpt-oss-20b,68a7096ee44919edd852a5f8c81d04f3f72170f9e85e0bda2e0b07e50831f8d4,0.40540540540540543,0.3541666666666667,37,48
gpt-oss-20b,6d3f29eaaa14da694ae03ef821d2f586a0fbb3aa05c7d17c8a3ed325cafc9667,0.42857142857142855,0.38461538461538464,21,13
gpt-oss-20b,70c10bd245850bb08d05221fa281a84c8569c451d59c82853cd692ca641055e9,0.061224489795918366,0.16666666666666666,49,6
gpt-oss-20b,730548b31e151edcfde9639fbaadcb52972a7224705b84c5a66e31bf6a06f207,0.2,0.2727272727272727,5,11
gpt-oss-20b,741e80967b0bffdaf7bd02be699a4d8472b14d2a93e5556921d9727618ac9b1f,0.4,0.4166666666666667,10,24
gpt-oss-20b,77b002b7092554ad620516591add0b2ac8142cd99b3a72f8d02f60b38f0fa363,0.7254901960784313,0.5454545454545454,51,11
gpt-oss-20b,7bd1420abff96b9ae8d69551b37407ee48405532c8ae3331615924add03ce0fb,0.0,0.18604651162790697,8,43
gpt-oss-20b,7e21c344f9a91c1ffab2d279990f624c4b5a8b72123a56fca9792030f9d8114b,0.3684210526315789,0.3333333333333333,19,30
gpt-oss-20b,838672256415023951c11f0d497269c3b05cb13841ea0dac9fcdfb161f9f1af8,0.4550561797752809,0.2916666666666667,178,24
gpt-oss-20b,84dbb51db98fb176709d2ebecfe9528d1fbf9ab2e178d264fa4caef5fab98e0a,0.5760869565217391,0.5306122448979592,92,49
gpt-oss-20b,89a77b1d5ef5b04259c5380fec56ec71413f394e948af94fb93619b7cded4d75,0.4230769230769231,0.42857142857142855,26,21
gpt-oss-20b,8c824b082288ba7eb2f1600af71f41637d259e76837872952eb83f0578aa7dd3,0.46153846153846156,0.18181818181818182,13,11
gpt-oss-20b,8d0d1fc55502bed6fabdcb40b03577940c3fd5da41effc04ea420df380fb664e,0.6145833333333334,0.2857142857142857,96,7
gpt-oss-20b,8d904b06a55fe290acd36085f5d27db2b6370ad4559ba1539ded9b2a6510263f,0.32,0.3333333333333333,100,9
gpt-oss-20b,8eaba85069895d5709890dfd1a3460734a9a05ea6264de3894c853466ca28d64,0.8571428571428571,0.375,7,8
gpt-oss-20b,8ffaff282bfd361f1a87c7c400b155b9ec6c6b8f55146d0f7f926cfdb8be38e7,0.24074074074074073,0.19696969696969696,54,66
gpt-oss-20b,91e813708505b5cf7fdfc3f138456309c0eb700794f78389e0d9e3f24c9b79d1,0.5416666666666666,0.5,48,12
gpt-oss-20b,963753210000a4e1f72e748f97f531de15cfeeb3dbc05ae2c17fc75435d15356,0.3113207547169811,0.25,106,8
gpt-oss-20b,9ac817f5bc5b036136fcda49bd9815cca78b871e888023756488f6a126c626d9,0.379746835443038,0.20588235294117646,79,34
gpt-oss-20b,9b2b64206af3bd50a15f2b1f8d8df9e87fb326ce418ffe587380368ebd9a6835,0.3956043956043956,0.1111111111111111,91,9
gpt-oss-20b,a1b7d8c2278c0fd8abe37ce587f28fdbf548666b10c85e4fefbd7194319e77a0,0.1956521739130435,0.3333333333333333,46,30
gpt-oss-20b,a249d278a6dc61338cd981b78c66658e7912e552c7b7148b0db3682ad7e2102f,0.3387096774193548,0.0,62,5
gpt-oss-20b,a3b2d6a2e4b30d150d6a6ca3f4a70cdc1b4b9a2bd1a6b8452d02e62a870a3de0,0.5714285714285714,0.5416666666666666,7,24
gpt-oss-20b,a5497c854e13246a15c6130b4bd2b18bae27bf56fcc223ba2b94c440305e73d3,0.6046511627906976,0.4444444444444444,86,9
gpt-oss-20b,a80c4e25d0a46a44d3374ab1e5639c9d45bfa314c9c5939d5433a46dafe73e08,0.7058823529411765,0.4,34,15
gpt-oss-20b,a8884a46188a52caace6db15d91383a164ca423b7166c5b43ef072c155da0f23,0.36363636363636365,0.2,11,10
gpt-oss-20b,aa5e6cdeaa2e7e98eef7af713ec9ab08192032a3e2834ac4dcf0cf6afcdffec5,0.6746031746031746,0.5555555555555556,252,9
gpt-oss-20b,acf8ea31f8c0f12ab27461ce09a8d9ac30738d4eead8f89e359c905cde86bf2d,0.28308823529411764,0.07142857142857142,272,14
gpt-oss-20b,afbd476b9148f3972cd8556e179adadde175232a99fcb75c9a54e2762aac76f8,0.9249146757679181,0.9333333333333333,293,15
gpt-oss-20b,b042057970171d07f9abca42d9b8eb2ce9b9eb7c5186256da2d99893680f33ae,0.5357142857142857,0.5833333333333334,56,24
gpt-oss-20b,c17af6163787e8bd9173608bdf051346ce451e29eac35425a32a9eccee5eae76,0.8148148148148148,0.47058823529411764,135,17
gpt-oss-20b,c2d78c9c4f4d160de27c5786324c82dc06e7a91197b2acb739da7c1842d4a88d,0.39080459770114945,0.4444444444444444,87,9
gpt-oss-20b,cdbb808fba92cab4a2f4d9f4ab5c462dd183766353c06b4dacd3d7fc01b232aa,0.42424242424242425,0.2,33,5
gpt-oss-20b,d2269d953ba39d2fc365b07657b9e65b55820dd623bc92b0b4aa4c8e9e71fd35,0.4074074074074074,0.3670886075949367,27,79
gpt-oss-20b,d43f3adb4adb1b20578cdaa55fdee7a1276172049c2728a0862cfdb4654f219d,0.19318181818181818,0.14285714285714285,88,21
gpt-oss-20b,d50a4b05d5cfca6ef997000b2e57e3b7a4781b06a09ce925516983df5659ae5d,0.4444444444444444,0.25,18,8
gpt-oss-20b,d748dc38318d7a3b0caa0a3dbe7e68ab14ed82cd7b9ac8f0fb313167bdc56fa5,0.43902439024390244,0.5714285714285714,41,7
gpt-oss-20b,d749b0e15c1d61d8a1e27c6df371705272ca10ebe22339ad4a800444ac574bb2,0.36666666666666664,0.16129032258064516,60,31
gpt-oss-20b,dc135879e2c3df146c3fc33ac7ad29c97843f80d6e9c15fe7071482c40d5a7aa,0.8064516129032258,0.7142857142857143,31,21
gpt-oss-20b,df62b497c8a75900705e15ccdbfc560bcdebeeadc89475a41d9c905e21985c8f,0.8333333333333334,0.6046511627906976,18,43
gpt-oss-20b,e0c03b428e6a24878e5cf2d8fd1ba8e9971c12f8cfbe389f2a67617fe835734d,0.5714285714285714,0.6060606060606061,7,33
gpt-oss-20b,e12b10f87d5dbd563dcadae3e710196771d535eff70b977a962fb961589cc0e5,0.5483870967741935,0.6578947368421053,31,38
gpt-oss-20b,e3670fbe293f20ac35a945edf492aa6bc673181d989a865febc41289fbff8ea1,0.3333333333333333,0.2,36,35
gpt-oss-20b,e5a36505b67d6e68357d4a75d881de284a85dd5cb36099e485927641e63d1c06,0.48148148148148145,0.0,135,5
gpt-oss-20b,e5b21b2235f9838db49c605a9ef3816059e6a6093d343e520b3f4b73cc5a853c,0.3347457627118644,0.0,236,7
gpt-oss-20b,e919eee5675823ea1b6b14e1293589e406dd1419babafeaba214d83569e6111d,0.44285714285714284,0.2222222222222222,70,9
gpt-oss-20b,ea6a1013a899a1b530a1a459655b600d0805f49a7f4dfb3e429fec34521b165a,0.39267015706806285,0.4576271186440678,191,59
gpt-oss-20b,f152c73c8d1a5237734226f8c24928ae2514db8b9c3bad982256001e91f3a926,0.5106382978723404,0.5909090909090909,47,22
gpt-oss-20b,f3ce225c01564d489f475adbf955a751ed38250460c12c489a94769a0e909d1d,0.30303030303030304,0.08,66,25
gpt-oss-20b,f3f726d80d26f714d232d1ed41c87c2170bca026c6c468941e25b5e794ce464b,0.4245614035087719,0.20833333333333334,285,24
gpt-oss-20b,f88c313b315cbdc97ada2e3550c2e7fdb4b34bf962d3f3a6a88bc8e85e9b4b42,0.49122807017543857,0.16666666666666666,57,24
gpt-oss-20b,fb30dd291524c3d5d413bc7b80bf5ecc14bc096d040738843641091bdc159ac5,0.33739837398373984,0.18181818181818182,246,22
gpt-oss-20b,fbefb1bfadeead840f5718d093833825dc944808151353ad00b27402f4901f91,0.3963963963963964,0.47368421052631576,111,19
gpt-oss-20b,fe93713644c4b7ad29458785be945d8ee1091cf2c001ab197e7448c36890d257,0.3333333333333333,0.2361111111111111,21,72
gpt-oss-20b,ff0b2cb96967c2958ac387c5da40947605b989baa089dc26da04cec9c8d01d24,0.0,0.0,5,33
huatuogpt-o1-8b,049ca5fd120f55d554e6502b82179d8d7ed1d3064c93f25fbfd0ea968ea10b30,0.21428571428571427,0.5,14,6
huatuogpt-o1-8b,04c396dc8fda8ec640b8eb0853b4ef7a77a5e58f96d3c02116ce6aaaa75a9c17,0.21052631578947367,0.5,19,14
huatuogpt-o1-8b,06303355bb5ce7bf40cd00b684aaf74d9886404f171b6d54df0bde2d47febe4e,0.05555555555555555,0.16666666666666666,18,18
huatuogpt-o1-8b,07edf1cdc6987cc5bd347fe4198f68b1655775397e366253405e9b17d4522e85,0.8181818181818182,0.16666666666666666,11,6
huatuogpt-o1-8b,0b1ea8b43951bedc387f4aaac25f666294563cdde1e7f5ac0442e6ecfb95c706,0.2631578947368421,0.09090909090909091,19,11
huatuogpt-o1-8b,0bc6ddac0b55995ae961a3320695f4f9747d7423d855d1eda7b51b2c11c3b2c5,0.13043478260869565,0.3333333333333333,23,9
huatuogpt-o1-8b,0bd8dcda197e5272590ff83d0eb3606ac7a6653ceb73503293b694a9a4afbb93,0.5384615384615384,0.36363636363636365,13,11
huatuogpt-o1-8b,0ec104b3d7fde07035a17cf997bfc94872ab4e7329c53f698ed55c4adca9ff54,0.35714285714285715,0.4,28,5
huatuogpt-o1-8b,0f938ac8f9b3d7f234d07b06b32806be7600040268ac9e09455bb3bf3e22a068,0.2222222222222222,0.36363636363636365,9,22
huatuogpt-o1-8b,106224662398bcc14a5da04004afee194cca44b2e8b115a610eae4639c3d2c92,0.16666666666666666,0.25,18,8
huatuogpt-o1-8b,1c5608dc13fc229240771ab9e56121b13fbde5c8d833b1bb849420f29b4fe156,0.3125,0.5555555555555556,16,9
huatuogpt-o1-8b,240e24a9768e60c93fa58d5810286bee596b65ce9c757765746bf08d7f0e1fce,0.41935483870967744,0.6,31,5
huatuogpt-o1-8b,25a83d7ae3f3a3144c9392f691a35347ef2d925681ca198b3ceda4ba39bd6e55,0.15789473684210525,0.4,19,5
huatuogpt-o1-8b,27e0f6b8a8de22fcf9a18c34486b4a9c51ee9c6df530570ff42a4d08330ef360,0.6923076923076923,0.5833333333333334,13,12
huatuogpt-o1-8b,2a6f93cf7b6302d36b4e6aba8e9d524faaf132f6ca5efacad632f60f7665ae75,0.3333333333333333,0.23076923076923078,9,13
huatuogpt-o1-8b,301dc981d256f32fb9d521983cbcfd27ded81e55e4362312b988f2a32c36b4b7,0.0,0.0,8,15
huatuogpt-o1-8b,33bb02a63989db8cca913d973502bf2ccfef5a5bce28c92a1947df8fdec99c47,0.2,0.0,10,8
huatuogpt-o1-8b,3bcd01e00632e4d5539b2ae948012168e1ba70a0494a2ddb167e496031cdaf03,0.5714285714285714,0.3333333333333333,7,15
huatuogpt-o1-8b,3ff1d62678a55b339c727f36fb359b374c6edede9a2722e1476c7ef622bdb8a3,0.3333333333333333,0.3333333333333333,30,9
huatuogpt-o1-8b,49d111e66a069cd68251d4d84437198da6941a6c563010600c30a7a1f44d552d,0.1111111111111111,0.25,9,16
huatuogpt-o1-8b,4aee4ed6e1c0b134a4426a8d6277cf0cba8c163b47e1a07ef5d5fc1e8cd2e060,0.25,0.4,24,5
huatuogpt-o1-8b,55e75cbfd7e168f3a73e20f61369d5e21af5371219bd271dc24ffc88ba23beb7,0.4444444444444444,0.0,9,9
huatuogpt-o1-8b,578f49c1a5a2f983de3e2262bcde391e55572e75b3df5bf68b2069fb37192789,0.43478260869565216,0.5,23,6
huatuogpt-o1-8b,589a88df2fdf95847ee1138776737a4aa16a55fefb5053316456e79dacfb44a7,0.42857142857142855,0.4444444444444444,21,9
huatuogpt-o1-8b,5f3f86f8b4985b1d2a5855c6a27e249d2f5a89e306c13ed22cc8fccb50843af0,0.16666666666666666,0.5454545454545454,12,11
huatuogpt-o1-8b,5f80ecf6c9c56c4fbe57c6fa3129f47c003ba138bd45a5d890b6db9dcd737298,0.45454545454545453,0.4444444444444444,11,9
huatuogpt-o1-8b,668960e057c5a07be594d8de5413e53cd3ab2e2b5f3645e9b873bbd357b54623,0.1724137931034483,0.42857142857142855,29,7
huatuogpt-o1-8b,69431db8585cd5b9269a4cd069bd980abe7b458df6c935e762fa83d477c1d239,0.18518518518518517,0.2,27,5
huatuogpt-o1-8b,6ddc4d9b845a8a6f82ed9c35617642dd5d99b67a25fc258fb90f6b7650dac31c,0.14285714285714285,0.07142857142857142,14,14
huatuogpt-o1-8b,6e6ad406f934d97f4d244d49356dcb03da3a9bc995d9f082b678bcce666e6511,0.3333333333333333,0.3333333333333333,15,6
huatuogpt-o1-8b,6faf37d361d9e7fe7fe77954851302efbdd3828e739f5d99fbc18fc82e319e86,0.19047619047619047,0.4,21,5
huatuogpt-o1-8b,7106553b91865258a620d897eb8899f1783424b57c5cc74b9c5149942389a9f0,0.4375,0.6666666666666666,16,12
huatuogpt-o1-8b,754d26f4892cb5f10170ff4561adc5adcd28d77bc53b2f704cb2cd9ff48367c7,0.2857142857142857,0.3333333333333333,21,6
huatuogpt-o1-8b,7b925ec1ca477d0b49027082894bac9edfe1ddec678bc56c1ce14f7a624aa20f,0.38461538461538464,0.0,13,5
huatuogpt-o1-8b,7cb0e86121b19b7b04eed95ec6517c5b4e48c71772dd03ebe01e727484f60319,0.6428571428571429,0.5555555555555556,14,9
huatuogpt-o1-8b,844021340aa342942dce4cc2b3676e44081bd408e7f99e87c70d5d3b181832ab,0.8571428571428571,0.7272727272727273,7,22
huatuogpt-o1-8b,8a61e1982f92c5793959115504d30f1c05145c316e17883718b9adca6bd4c08f,0.46153846153846156,0.7142857142857143,13,7
huatuogpt-o1-8b,91b3e60eaab16ad66c7a13896f70ba03484dc0488ed8e2e15da49f18f5ecb962,0.30303030303030304,0.4,33,5
huatuogpt-o1-8b,97d47b4157b050a2b5fbc5a42fe46bd87e6c3c3dfe1cea26421487ad00fbf8ed,0.7333333333333333,0.625,15,8
huatuogpt-o1-8b,98dedcbffda6f9fbfffb2c4e02a53ba79dcc06e84596ebcb0bbbd24bff69cc6c,0.06976744186046512,0.0,43,6
huatuogpt-o1-8b,a08f2060ecbc2fb36b7296076370682cdd3a019dc2582e3c021b0555d606491a,0.07692307692307693,0.0,26,7
huatuogpt-o1-8b,a74dc110ee06d6fa334bb32b9dfe10921a0bc5d1602b96f9320ddf82fc5f615f,0.08,0.4,25,5
huatuogpt-o1-8b,ad09c7288057ec66f44493e19bd69df7dab2d8f4130154b3b19768b3d219c650,0.7333333333333333,0.4,15,5
huatuogpt-o1-8b,ae35cb635c85bbba5e2a16cec784b12eb25771021d8f46965813ea7bfd185739,0.29411764705882354,0.5,34,12
huatuogpt-o1-8b,aefbc532e591220beed896008fb5eaa78248433822a1a7a20b7ef33eaa1e3e82,0.3,0.2,20,5
huatuogpt-o1-8b,b05cc8de02123a90861d8344f06b1d7e3d418bd4b238b9d043b224040435d468,0.5,0.3333333333333333,12,12
huatuogpt-o1-8b,b5c639fa45b8bd2884ba087fbf39b51809352ffc1b8a60ca95f43a957eb217e1,0.5384615384615384,0.4,13,5
huatuogpt-o1-8b,b7b2f5c67beb96e285575e94e0abe0c0dc371c6f7a06a00d4a9ec02d6852fb24,0.11764705882352941,0.23076923076923078,17,13
huatuogpt-o1-8b,be5b742a5e0e13c623922dcfd1f0ae05ebd64e7a77c6e453923a221b932fdd76,0.15384615384615385,0.0,13,5
huatuogpt-o1-8b,c14140b04400b2a0e19da9bc8cb4e39cc62f7e8b11a3792f1122748454df550b,0.46153846153846156,0.2857142857142857,13,7
huatuogpt-o1-8b,c165aa020132fc321c3f21f6e05136fa89fd8f6af857ec32847806e1a115fb96,0.0,0.08333333333333333,6,12
huatuogpt-o1-8b,c29914b80e5c39126e54788cb07cff3737cfd7db1b0f9797a7edee7243ef6bea,0.16666666666666666,0.2857142857142857,18,14
huatuogpt-o1-8b,c9f5ece3616032a7bb115176628e383628bd5ecbb2090d829ba9c0fad2f94b4c,0.3,0.23076923076923078,10,13
huatuogpt-o1-8b,cf4960bad01f4654555149823f999008d9f9533482327e97f56ba5f7f8079133,0.25,0.3333333333333333,24,6
huatuogpt-o1-8b,d0475d1761fa01f9f28de6f8c420aed576c48abcfde11da59bc15f38728600a9,0.36666666666666664,0.5,30,6
huatuogpt-o1-8b,d0ad038d2f528d1708dce2d3158594a2f64618a6c7a0f12e93a6710d32a99ee2,0.2857142857142857,0.5555555555555556,21,9
huatuogpt-o1-8b,d3bcc5c2bb5e8722ada5e37ee1a7d09d54b9141115cf745fe3b1e00f4d7a569d,0.3333333333333333,0.4,21,5
huatuogpt-o1-8b,d3d8dfd2f7259bc4d0c675cac635e2fe7e1077c774d429ed3e4c95301f0e3fe6,0.6666666666666666,0.5,15,6
huatuogpt-o1-8b,d6de8b1dc221b1b4e157ea6961c62d1665eb129505835d72f4a3e88e320eb99d,0.0,0.0,22,6
huatuogpt-o1-8b,da0d2662043839a9a2eef46d531b975c386b2aa812b90327e16cc557d5acda79,0.3076923076923077,0.4,13,10
huatuogpt-o1-8b,da7e9787c1f41f7f46fd13bc5d8ac833b4bfc6589facec5bd9b4f8bb2ff3e3c1,0.2631578947368421,0.6,19,10
huatuogpt-o1-8b,dc9675a71b089ea8b6b10263da7a214ab767f5936a1d290d63c3454e62dad72d,0.2857142857142857,0.25,21,8
huatuogpt-o1-8b,dd131ecb376ea1f35a8e9ada1d7bb5365444d800b5e41cda091e5cc87fb68984,0.07142857142857142,0.3333333333333333,28,6
huatuogpt-o1-8b,dffbdb0c97cf47d63bcfaa3df043995fbc71d51d96c5f9b8ffe1bf1c0e5cfc23,0.08333333333333333,0.125,12,8
huatuogpt-o1-8b,e1ec7c8ae71bb47ffd27ef8a1a184575f8f3cd16db531a264744ec7556dfcab8,0.25,0.17647058823529413,8,17
huatuogpt-o1-8b,e35d2c84898ba4c087cecc893bcd7a1ea343f562ea28afa62d434d7ff4c3b270,0.34782608695652173,0.3333333333333333,23,6
huatuogpt-o1-8b,f2a23b9c0975f5dcd01b78b61394570d63fbc96cb1b2145c6469b112fa3ad230,0.2,0.0,15,10
huatuogpt-o1-8b,f8c6310c4891334b943d7eb9145e68cbfbe6392c939300ac9cc103e88a93db5f,0.08,0.0,25,5
huatuogpt-o1-8b,faf618d9c3bcdd9545c7f41e3e0014f78dfa0810f30ca3acd02679bfbd5a34c8,0.16666666666666666,0.14285714285714285,12,7
huatuogpt-o1-8b,fd32e04c7f77b8174c04d85f43b0e0d7bcf707ab8fa744a4b2333cb5b454cb5f,0.5238095238095238,0.5454545454545454,21,11
huatuogpt-o1-8b,fea658d1e915f74e20c5b6e68f1d950daee61114be475170d4a29a2a15b752a2,0.0,0.0,14,6
qwq-32b,001725222645f22ffecf37043e46a4cd7629e5451e0fa8a0cdf8e38faa46cf1c,0.21052631578947367,0.2857142857142857,19,7
qwq-32b,01b38155460682e6f4397689a49df5dc091223a0d60b1b81586d5f34dadad078,0.6470588235294118,0.6111111111111112,17,18
qwq-32b,05d79f349b0fceda9b78033afb1b7118166896849c08ce0ec7b61d8f1966707d,0.25,0.2661290322580645,40,124
qwq-32b,065db248c7872cc1813f1bb530cbd2e9aa11cbc493563f832e3fd0000ee9d9a0,0.46,0.0,50,13
qwq-32b,06ada615d3cfdf2079d35bd4f54bae0b92bc16423d0cf6bab37bc9faa1e1429d,0.33962264150943394,0.23076923076923078,53,39
qwq-32b,0a32b21977ed520d6d36cb2368fd8a48dcde03ce7c7b8f84d5a9b55b4f640a0b,0.3333333333333333,0.2,27,40
qwq-32b,0d6225c635f3f4a946baa6b25634f40659c65fc9a3a9b1cc3d1fe1ee8fe1bf7c,0.3793103448275862,0.44594594594594594,29,74
qwq-32b,0f7620dcf9b1f5b55edebbd68fb8a20dbf56c121c7127e594dd84367d775b944,0.26666666666666666,0.25,30,176
qwq-32b,0fd01d1d4eed81452d21fc4c274d55209d3e7649e2524a1b2f1fc6789b70f539,0.25,0.3333333333333333,12,12
qwq-32b,0fd3f3888c2b5247b86d67303acc7c9b7a1db5842965acf55567e851d2cd7a50,0.24489795918367346,0.2,49,40
qwq-32b,11eabedc3e0195a49aa4ca985e23b03271f73da56c37f7b1e0856c86001fbf46,0.38064516129032255,0.4,155,10
qwq-32b,127cd3b88c8860f8da2eb5b50209b6340ac2599e2d756309983e1b98126cf4eb,0.5714285714285714,0.3548387096774194,21,31
qwq-32b,14531725a85e291b4787fd2017b416e6563d6589fd2642fcd567ed4fa7ce8adb,0.45454545454545453,0.3403361344537815,11,238
qwq-32b,152bceb94386f7428ad239103bd805252a584ebe0793d9bd6d5ca0254872d4ea,0.25,0.6923076923076923,20,39
qwq-32b,162bc2b0026b4704032f14c4cc65c718ce34dfa22319f43f9049d7a1bb6da2de,0.5263157894736842,0.25,19,24
qwq-32b,166282b52bd85aa40d4c13b1371d9f7cd95fb467e75eae04238bd4674e8f6398,0.25,0.15789473684210525,100,19
qwq-32b,1a0d72a323a0ceb564bf7435f414b0a4fe032ad94e1a7650eed62bf3ca4eaf20,0.36363636363636365,0.3026315789473684,11,76
qwq-32b,1a5f4d0358f3c3dbb2dca48de057da16bd780173f5584940491d338fa1c62925,0.375,0.42857142857142855,16,7
qwq-32b,28caf5136b13426bbf73b864feafff65df84172206b939d3c53a158adf75b854,0.625,0.64,8,25
qwq-32b,29ede6860bc6755beb12eb33ff698a9d921974682ff9fb7a3dbe8b7e1a7958bc,0.3287671232876712,0.4,73,5
qwq-32b,2a80a06aab1a4df3a76c0cd59189358e9d52394185501db23de37294e2bd9e24,0.5,0.48,24,25
qwq-32b,2ef032c80ceb4187744b2da97ea542cfa04b0eb68fac8200e613e67b01bca2b3,0.75,0.696969696969697,16,33
qwq-32b,2f0e9b69bb08bddf173fd62b8c86b9aeaa1ff0d62946bbe39ea462d5c3b39f2a,0.3076923076923077,0.3333333333333333,13,33
qwq-32b,2fd44b7bb33771cf3b583196ba31b4894f20269e24f82b5fe7e48a3c4c670fcf,0.21428571428571427,0.2903225806451613,14,62
qwq-32b,3669ab564988e9dc35f55fad8015b993a5cc3268dbc17b0d918cd554c66037c2,0.3333333333333333,0.3793103448275862,21,58
qwq-32b,38dede87a6d65151bc0e42c0e452e4cd252fda99ebc276bcd6cb4c7cdf510e24,0.4636363636363636,0.3,110,10
qwq-32b,39f7691a2e9dcf69852d21840d66bb53d9c82d33e1c9f1db000b9ff4e59833a4,0.2857142857142857,0.45714285714285713,105,35
qwq-32b,3ae7b678f547d4f9c8f7530ae4129a13549cc3c3cbee46e3711c6d877810e8ef,0.8235294117647058,0.5,17,64
qwq-32b,3c77db07dd2c5e5d327b2f5c7fa2e8342d053175285459f1e779f75b74798ef6,0.175,0.029850746268656716,40,67
qwq-32b,3cfdf67d7f98c8fe484011b5ebd26bf93f87498955b895bb617ad07b13aceadc,0.7142857142857143,0.5925925925925926,7,54
qwq-32b,3e1965def37b6b66e76d94f0ca7252620a68634bc577575c189fd3638aefad09,0.5,0.5161290322580645,8,62
qwq-32b,3fd12a80b2e2d7e841a3d19adb9a1e4a4227f4fadeb3340b37da00a85c40a1bd,0.45454545454545453,0.29411764705882354,11,17
qwq-32b,40b1c3da129ab2d1b9804a7d8cae9c65f842db1cb5bb234f3dc6155026633d4f,0.4,0.2857142857142857,10,21
qwq-32b,415871ced5003659f932b3f34296b2d48e763966c9fb73dcdaa1b1b7299ba8a1,0.6,0.5555555555555556,10,90
qwq-32b,4cc196cb3b957994044fe16b7e6c862d499709b1f53b817927f0a56584802bef,0.5,0.2727272727272727,146,22
qwq-32b,4cc349330183586d5a1df970711afb9b65e2e7fa2a5d2683bcc2cc8199010222,0.21052631578947367,0.4838709677419355,19,62
qwq-32b,4d658f9a872d08b53eaa250f7f55b21fb1a0aad831f32778be264820a96a5d9a,0.38461538461538464,0.3333333333333333,13,24
qwq-32b,4e5e9a42a71f76d618356a0a3980cdc84bcf2af2f04f2e5e136996f0086e2344,0.11235955056179775,0.24,89,25
qwq-32b,55eea4b0633e4dc2a7f373330ec81d48c3cb996da11d2efe29a218cb0c12d7a8,0.5384615384615384,0.509090909090909,65,55
qwq-32b,573044d97b28cb6d6c1f7601b77e697f42b6f507eb6a272e4c8c6120d1da7582,0.2,0.5357142857142857,10,28
qwq-32b,57f9accde3580e0dec23f3e2753076b1be0951c6136228c3ad6025616f280e9b,0.5869565217391305,0.6666666666666666,46,15
qwq-32b,599586631ef912413fcef9f30c12b69cd5dd09fd76ea9e63829ba758f7a57f8b,0.23076923076923078,0.2,13,15
qwq-32b,59f2cbe77f62b8ae5a179afdc3a8f6f588ed2fe7f8cda82b74eccf5d2ebe45d4,0.47058823529411764,0.32608695652173914,34,46
qwq-32b,5a8fbbd2d8cd7de03b99aaccb4e85e344c5ae5c08480e4f476e4e63421ce4107,0.6875,0.42105263157894735,16,19
qwq-32b,60923ece7812676a4fcfb8fb5fdb76165dc6bc4313528b23f6c857d9314a6ad9,0.7,0.4166666666666667,10,12
qwq-32b,60f9fffae8787389a5d60efbd7ab8d1192a618a389c43d0c4b49bc4396a98050,0.22727272727272727,0.2962962962962963,22,54
qwq-32b,6d1114601c63cf3de4d2e3c3e220768313519dac6c0141f2de496b2665eaa504,0.38461538461538464,0.2222222222222222,13,63
qwq-32b,6de212d08dd5d2fdbff5c661a9a0b497b319a3b02cfbf25fdd142e488ef073f6,0.23076923076923078,0.7058823529411765,13,17
qwq-32b,6fc2cdb1bd12fc14a9792788ec37edc89eca9ef6a7e332089453b71d4ffc05a2,0.37254901960784315,0.47619047619047616,51,21
qwq-32b,7472de0cb07588a7ffee1c30d814bbae1b16a537de9750c4532ebd38097e80bb,0.5517241379310345,0.3783783783783784,29,37
qwq-32b,75911906cb6b4db9b0c022e7cac5f702cd3ee193391eb6294de6d1985b9d0f4b,0.1111111111111111,0.18181818181818182,9,11
qwq-32b,761f3ce7e438199a82b675f51a98b80a9544387f215e1e0667d407f946395fd3,0.4583333333333333,0.65,24,20
qwq-32b,776dab66716db116ecdb0fcf5963266064e1db50508ebdf097ef26c2c141d500,0.24,0.21428571428571427,25,14
qwq-32b,7f1419aa0f666aa0ee41f6da589573a133c9c28e6a07743870010c11904a8e42,0.39285714285714285,0.45161290322580644,28,62
qwq-32b,8374a2cd0e0b168f7a5a2d2792079c9f79c27a75afac7687e9fcb050a30a130a,0.42105263157894735,0.5309734513274337,19,113
qwq-32b,842d2a7022a331f664937dce94099108806260e98bb3cc926d6aaade61f1ec68,1.0,0.8,11,10
qwq-32b,848d6af2fd2cd78c1de88984cb9e59a4e4de44607c577ac9b8787759352d8054,0.125,0.42857142857142855,8,7
qwq-32b,854808ede90841d86d8352540dda016cd726f4376b7f8357d8590106bb03e6fe,0.48299319727891155,0.575,147,40
qwq-32b,85fbbcdd951cdd11c6dd4b3a22f1870e0d0cb0ae17d694add26d09fce82d63df,0.5,0.4642857142857143,30,28
qwq-32b,882a0394baedc21b37790a78570c887418037096960f34f838f6e04581dad917,0.7222222222222222,0.6363636363636364,18,22
qwq-32b,8946a91f7f859a3e4a06585e76e1a11bf9ea4b9ea9a1fcbdb8309d1c9f149c1c,0.4666666666666667,0.40425531914893614,15,47
qwq-32b,89cd45e336e73ba5c5ffdc454a3996fa3e6fff4d9c278ac65224ec217a73c858,0.2692307692307692,0.34545454545454546,26,55
qwq-32b,8c61e58d463d0d036348ad0ed8c083ac4d305449fd5fb16bc7ab4d1a2552a5b7,0.4140127388535032,0.3333333333333333,157,9
qwq-32b,8d6ff5c7bd0728b45fb82df2561703b57a29a908dcd9f1487a7a1693d64750ed,0.6363636363636364,0.6363636363636364,11,11
qwq-32b,8dbc78c581f02dc9f24f059e5bdd8bc5147b70a3d0e103f62535df400e1a016a,0.41935483870967744,0.5384615384615384,31,13
qwq-32b,8f445ff3782e6689a0ac48cebf36f07f9afd12369c2336402535ac048d15d9e4,0.35714285714285715,0.5333333333333333,14,15
qwq-32b,9096f2fdd90c73f76ac9b8450010c3c195455079803b6acf5acd5a26a776a2eb,0.6521739130434783,0.82,23,50
qwq-32b,94428a9915ac1430f13264bd04845456e289532305592234cbbc95ee0552f973,1.0,0.9459459459459459,12,74
qwq-32b,96ad8ae5844b3d64dabdf4dc35b30b5c25848cd88ee3426bf591e4c57122a492,0.5490196078431373,0.5765765765765766,51,111
qwq-32b,9d063bfc9fd5717d56b64b06038c0c03a9d07b7e59c2b8e7185470fe7b7e7dd8,0.3584905660377358,0.2222222222222222,106,9
qwq-32b,9eab93899021c8c22f61035b77818bf6d5d474c0dee40fa90935d0f27faae9d4,0.7272727272727273,0.5789473684210527,22,38
qwq-32b,a70e7faa695b1e1ad2d3bc0ba10d265c0c215d93e3e93189bee6995582c9958f,0.21052631578947367,0.2857142857142857,19,14
qwq-32b,a92c546e4a9cb066aac6ee74a92e86b49c1c0d31868651cd108bfa0286ad67b5,0.46,0.3333333333333333,50,24
qwq-32b,aba7b6fc35138d66a7dc202d03b35a85469ebe7a65f46459402e3f19ca53a4c3,0.5714285714285714,0.35,35,20
qwq-32b,b045daf28fd4a1212d239e49d6cab41d9eb3e3c9840ac7292b2d4d400f6151a4,0.38636363636363635,0.323943661971831,44,71
qwq-32b,b3451e5b013d1367f999fa3ef7d8f8bdcbb6f5878c74ed12e1c6aad5d403aeef,0.25,0.16666666666666666,32,72
qwq-32b,ba4a9146725ccb610195ef679c408df3275fd5a8bbb92c53e961d2f417ee0b95,0.42857142857142855,0.39285714285714285,7,56
qwq-32b,bba00ce49a0308d6756868f613acd8ae7f02469753fbd4ed011760becb2d114b,0.30357142857142855,0.24,56,25
qwq-32b,bd573361277a67ca6875a9475d4ddc497628d019858af8169485367eb0783e93,0.39759036144578314,0.2,83,35
qwq-32b,bd833a5dc3516a8b6c2ee1134c143b0a7bba2b46113a152fb8d0e43444c6fa8c,0.45161290322580644,0.43478260869565216,93,23
qwq-32b,bdf5ecc0a66e06a276444a4da2d34d2e35017011d2665ff6e4b85ab73965d1cf,0.0,0.16666666666666666,12,18
qwq-32b,c19e0fe5e69810d2429d75603f734445ae79d84220cfc7ec3b7dc927760c033c,0.5,0.390625,56,64
qwq-32b,c796ce402947657af136ce2db799f4eed4ea0a0cd1d574a44b02a681ba6dde48,0.32558139534883723,0.2,43,5
qwq-32b,c7d30ecf4341abc691bcbeec4f9bc3037216f869cf703d1ee70b666423e0cf81,0.3953488372093023,0.42857142857142855,43,21
qwq-32b,c8233ff679c4a3309df109f88fdc6a023c3d5d4a3caa2ca4eee0b7dd8032b4fc,0.38461538461538464,0.4444444444444444,13,18
qwq-32b,ca7650bcc28cec3c1d8cea8dc6c3645b8ab0a7ece76ea8ab359798da1fed9de2,0.4375,0.34210526315789475,16,38
qwq-32b,ccf673ef64808762891fd0f9cb0624dcc89009769572b05204ae38cf6aef3bab,0.30303030303030304,0.4117647058823529,66,17
qwq-32b,cf2852f2ecfbed01c007f8101c0dce45af9825a758e22c37e1e51b3ff535f036,0.6512605042016807,0.46153846153846156,238,13
qwq-32b,d0c2505595af6cb724734a4edb25cf5aab5ebe4815e33d796980406c0afca936,0.7692307692307693,0.6111111111111112,13,90
qwq-32b,d5d358ac6f02e5783ec0778f62931aedf7c8ac2a6f3b5f5b32bac1aff97d8edb,0.9130434782608695,0.8780487804878049,69,41
qwq-32b,d6be2c0ef21ab2e9763bcccac3f6b565a21c4e2a6d2ce39336c1571e7b7fd5e9,0.5333333333333333,0.5714285714285714,15,21
qwq-32b,d8792046668dc6f4c78f2b4f940c68050da6209cea9c7d44a6e6754cf59754be,0.6363636363636364,0.4782608695652174,11,46
qwq-32b,da0ad998fc22e1e16078d0ae36eeae966d6f827dc06ddc36da235afa1fcb2b33,0.4666666666666667,0.4339622641509434,30,53
qwq-32b,dbdf5d9f1f33d5640b2d45f61d2c6a73c45203f74a815d97021bce868b7b0993,0.45454545454545453,0.30434782608695654,11,23
qwq-32b,dd51ec56bc2cbe93a22c35dae829eceed0a3b6db0209bd8ae6b07adb93c827bf,0.5547945205479452,0.37037037037037035,146,54
qwq-32b,e4787b4bbab5bbe8ffa1e357d1e83d0ecbca67b550a8c591d16102540413caac,0.2222222222222222,0.27586206896551724,18,29
qwq-32b,e71bc4132ba47ade8df24c882f8409f04707580e1f441e60f10d7c15b29b2dcb,0.25,0.17647058823529413,16,17
qwq-32b,e71bd2f7380df745bf2c5fc766431f906c1533a41f8fe420e76ad912dcd0f8e6,0.23214285714285715,0.46875,56,32
qwq-32b,e9efa8cf773be8cca780c985590f938ce6cca2a58a00a4b5685c71412feff43a,0.48148148148148145,0.47058823529411764,27,34
qwq-32b,edf9569a0b62247ab7447ea1941344cc7993a6f822ce82780cffe53eb46ab563,0.2857142857142857,0.35714285714285715,35,28
qwq-32b,f0803cd84a6860dccebb435e54c3f87122981245b6ea5d5deb927bb6543adad1,0.4672897196261682,0.3559322033898305,107,59
qwq-32b,f39752be0372d202e499b536622756c069a4431554dec8c0a5a9aae9d7a531f4,0.34782608695652173,0.19444444444444445,46,36
qwq-32b,f531e94d767d2fd1a288c888b470c19ea86646d0bdb7c2847e8de8d3ec4098ce,0.2692307692307692,0.5789473684210527,26,19
qwq-32b,f89c18d2ac2c522f7c6583e6cc17e4074bc982c97f0d1bb36ffb6bb691e9ac60,0.32432432432432434,0.30303030303030304,37,66
qwq-32b,fcd6d1d7efb2be37cbf2f85c8622909883847da99d137923179cbdfccabd976a,0.9714285714285714,0.7647058823529411,35,17
qwq-32b,fe46d5c11d0a82335362a8134d209ed57711ba46c5e4ee3c3fb2acddf52653cb,0.4,0.5227272727272727,5,44
